t,des_Base_Revolute-1,des_Arm-1_Revolute-2,des_Arm-2_Revolute-3,des_Arm-3_Revolute-4,des_Arm-4_Revolute-5,des_Arm-5_Revolute-6,act_Base_Revolute-1,act_Arm-1_Revolute-2,act_Arm-2_Revolute-3,act_Arm-3_Revolute-4,act_Arm-4_Revolute-5,act_Arm-5_Revolute-6,ee_act_x,ee_act_y,ee_act_z,ee_des_x,ee_des_y,ee_des_z
0.0009782970000000002,-2.4900534925330224,1.8174055378493457,-1.9747547275215465,-0.15736109310167137,-2.2223355934664677,1.5707877887859145,4.8665418653808967e-23,-1.257528755218752e-16,-7.616063080867895e-16,7.64668622680678e-18,-1.770246928972722e-22,-8.069129370077911e-20,0.0006555600000001699,0.1245000000000001,0.46690024,nan,nan,nan
0.007523655000000001,-2.490053492533051,1.8174053527157266,-1.9747545139128717,-0.15736106461716598,-2.2223355934664695,1.5707877887925232,-1.4181671126201902,1.03507199907099,-1.1246875140622912,-0.08962229554767444,-1.2656929905850616,0.8946151518295757,0.0006555600000001699,0.1245000000000001,0.46690024,nan,nan,nan
0.017522463000000002,-2.4900534925332933,1.8174038017970053,-1.974752724450242,-0.15736082599409537,-2.222335593466481,1.5707877888478856,-2.116309821651141,1.5446220665032349,-1.6783538865662506,-0.13374193741613374,-1.8887749429256535,1.335020968545403,0.0006555600000001699,0.1245000000000001,0.46690024,nan,nan,nan
0.027510361,-2.4900534925339923,1.8173993267575252,-1.974747561113307,-0.15736013746822528,-2.2223355934665148,1.5707877890076292,-2.359737132390986,1.7222890916550784,-1.8714029936963448,-0.14912518252726872,-2.106030186143658,1.4885809817847666,0.0006555600000001699,0.1245000000000001,0.46690024,nan,nan,nan
0.037482489,-2.490053492535399,1.8173903200139798,-1.9747371690593774,-0.15735875169811883,-2.222335593466582,1.5707877893291389,-2.444614987366866,1.784233114188081,-1.9387097031204332,-0.1544882747535659,-2.18178240546091,1.54212404782177,0.10149468065624205,0.0057201593177766685,0.30663728106963206,nan,nan,nan
0.047603237,-2.4900534925378004,1.817374945902701,-1.9747194302847892,-0.15735638625008372,-2.2223355934666973,1.5707877898779417,-2.4742100654359307,1.805823469423915,-1.9621686519774968,-0.1563570093033814,-2.2081955711298766,1.5607933608557643,0.10149468065624205,0.0057201593177766685,0.30663728106963206,nan,nan,nan
0.057581537,-2.4900534925413815,1.8173520188609047,-1.9746929768775634,-0.15735285871441124,-2.222335593466869,1.5707877906963579,-2.484529231092206,1.8133387137561605,-1.9703334586359877,-0.15700662011911395,-2.2174052725347253,1.5673029482599854,0.10149468065624205,0.0057201593177766685,0.30663728106963206,nan,nan,nan
0.06753533,-2.490053492546389,1.8173199578745394,-1.974655984650833,-0.1573479258375882,-2.2223355934671094,1.5707877918408246,-2.488127301678742,1.8159405993531088,-1.9731589843806598,-0.15723027623128208,-2.2206164968549182,1.5695727017025336,0.10149468065624205,0.0057201593177766685,0.30663728106963206,nan,nan,nan
0.077615772,-2.4900534925531503,1.8172766675804493,-1.9746060359575528,-0.15734126522877384,-2.222335593467434,1.5707877933861387,-2.4893818713219558,1.816822773154498,-1.9741152841536318,-0.1573044064916987,-2.2217361815420307,1.5703641166863085,0.10149468065624205,0.0057201593177766685,0.30663728106963206,nan,nan,nan
0.087485697,-2.490053492561659,1.8172221899122885,-1.9745431791811145,-0.15733288333984555,-2.2223355934678426,1.5707877953308036,-2.4897932927300577,1.8170836246475943,-1.9743960690006042,-0.15732433980032232,-2.2221033690062817,1.5706236529657307,0.1000134471192335,3.2983210303948185e-05,0.30004947958948913,nan,nan,nan
0.097523118,-2.4900534925724327,1.8171532122054017,-1.974463592142106,-0.1573222704869616,-2.22233559346836,1.5707877977930698,-2.489962766493702,1.817151937869797,-1.9744665735718603,-0.15732652913319298,-2.2222546218049852,1.5707305632100896,0.1000134471192335,3.2983210303948185e-05,0.30004947958948913,nan,nan,nan
0.107519051,-2.490053492585516,1.8170694471317796,-1.9743669433191338,-0.15730938246207224,-2.222335593468988,1.570787800783194,-2.490021858349542,1.8171225915833455,-1.9744298140547796,-0.15731911248592395,-2.222307360395304,1.5707678424051486,0.1000134471192335,3.2983210303948185e-05,0.30004947958948913,nan,nan,nan
0.117517809,-2.490053492601165,1.8169692574152172,-1.9742513436096016,-0.15729396735521592,-2.2223355934697393,1.5707878043596213,-2.490042462415099,1.8170519021409994,-1.9743472409967704,-0.1573072245931167,-2.2223257492051656,1.5707808430148353,0.1000134471192335,3.2983210303948185e-05,0.30004947958948913,nan,nan,nan
0.127518892,-2.4900534926195883,1.8168512992727617,-1.9741152425458133,-0.15727581841305985,-2.2223355934706235,1.57078780857032,-2.4900492192869863,1.8169635020133499,-1.9742449126636366,-0.15729329165611708,-2.2223317796002253,1.5707851087404099,0.1000134471192335,3.2983210303948185e-05,0.30004947958948913,nan,nan,nan
0.13769233,-2.4900534926413695,1.8167118438325192,-1.9739543377250608,-0.15725436191446107,-2.2223355934716693,1.5707878135483981,-2.4900521516107794,1.816833743751838,-1.9740950526435657,-0.15727318317923006,-2.2223343966380757,1.5707869632186484,0.10002114646854889,1.6248100683069477e-05,0.30007003622414796,nan,nan,nan
0.147476823,-2.4900534926654503,1.8165576677554682,-1.9737764481138766,-0.15723064051086819,-2.2223355934728253,1.5707878190519524,-2.4900529731062995,1.8167100519990451,-1.9739522957851632,-0.15725411173346415,-2.222335129794179,1.570787485863017,0.10002114646854889,1.6248100683069477e-05,0.30007003622414796,nan,nan,nan
0.157857192,-2.4900534926944706,1.816371864959983,-1.9735620673378318,-0.15720205304655668,-2.2223355934742184,1.5707878256844712,-2.4900533296330933,1.8165362802060026,-1.973751778984739,-0.15722735784484843,-2.2223354479660715,1.5707877169641975,0.10002114646854889,1.6248100683069477e-05,0.30007003622414796,nan,nan,nan
0.16749934700000002,-2.4900534927249307,1.8161768441443853,-1.973337050735237,-0.1571720473053011,-2.2223355934756808,1.5707878326460416,-2.490053435850058,1.8163550920346918,-1.9735427173890934,-0.1571994751688539,-2.22233554273922,1.5707877904212053,0.10002114646854889,1.6248100683069477e-05,0.30007003622414796,nan,nan,nan
0.17752816200000002,-2.490053492760267,1.8159506042019762,-1.9730760132503091,-0.15713723821503647,-2.2223355934773767,1.5707878407220273,-2.490053470701825,1.816173006716725,-1.973332624160115,-0.15717145796269885,-2.2223355738198807,1.5707878188893503,0.10002114646854889,1.6248100683069477e-05,0.30007003622414796,nan,nan,nan
0.18753743,-2.4900534927994693,1.8156996130841696,-1.972786417657976,-0.15709862092941354,-2.222335593479259,1.5707878496815444,-2.4900534850817833,1.815946077763841,-1.9730707909854397,-0.1571365421575265,-2.2223355866238452,1.5707878360391807,0.10005598549676888,4.270104737771549e-05,0.30018559732878203,nan,nan,nan
0.19751954600000002,-2.4900534928426556,1.8154231112536952,-1.972467387597959,-0.15705607858665643,-2.2223355934813322,1.570787859551706,-2.4900534901243088,1.8156841974753797,-1.9727686311340518,-0.15709624922754103,-2.2223355910896827,1.570787848542682,0.10005598549676888,4.270104737771549e-05,0.30018559732878203,nan,nan,nan
0.207500972,-2.490053492890091,1.8151194060887783,-1.9721169701094943,-0.15700935076138017,-2.222335593483609,1.5707878703929326,-2.490053491913209,1.8153964570731635,-1.9724366338330142,-0.1570519776418125,-2.2223355926482964,1.5707878599141993,0.10005598549676888,4.270104737771549e-05,0.30018559732878203,nan,nan,nan
0.21752638000000002,-2.490053492942176,1.8147859299507323,-1.9717322026301884,-0.15695804239882166,-2.2223355934861098,1.5707878822968804,-2.4900534925284683,1.8151189155845278,-1.9721164041788979,-0.15700927531001974,-2.2223355931607975,1.570787870182263,0.10005598549676888,4.270104737771549e-05,0.30018559732878203,nan,nan,nan
0.227554323,-2.490053492998894,1.814422796237734,-1.9713132159997813,-0.1569021709463307,-2.2223355934888325,1.5707878952595016,-2.490053492816384,1.8147838567714798,-1.9717298105847485,-0.15695772342682732,-2.2223355933735642,1.5707878822913246,0.10005598549676888,4.270104737771549e-05,0.30018559732878203,nan,nan,nan
0.23756717800000002,-2.490053493060295,1.8140296761986345,-1.9708596309025237,-0.15684168582252755,-2.22233559349178,1.5707879092925308,-2.4900534929574847,1.8144063731049678,-1.9712942668572773,-0.15689964409834026,-2.222335593449707,1.5707878958180095,0.10011740210006932,8.953892943659378e-05,0.30039005554243436,nan,nan,nan
0.24752110200000002,-2.4900534931262146,1.8136076238365095,-1.9703726634557333,-0.15677674919545298,-2.2223355934949445,1.5707879243583442,-2.4900534930484444,1.8140073820879308,-1.970833907776537,-0.15683825566932502,-2.22233559347826,1.5707879100786806,0.10011740210006932,8.953892943659378e-05,0.30039005554243436,nan,nan,nan
0.257684921,-2.4900534931986615,1.8131437844238398,-1.9698374817702877,-0.15670538324737165,-2.222335593498422,1.5707879409158112,-2.490053493125236,1.8135796646471891,-1.970340403915491,-0.15677244741745222,-2.22233559349038,1.5707879253530177,0.10011740210006932,8.953892943659378e-05,0.30039005554243436,nan,nan,nan
0.2675463,-2.490053493274122,1.8126606490953505,-1.9692800363002894,-0.15663104844565484,-2.222335593502045,1.5707879581620758,-2.4900534931943583,1.8131580784391605,-1.9698539743209285,-0.1567075825122908,-2.2223355934964615,1.5707879404042573,0.10011740210006932,8.953892943659378e-05,0.30039005554243436,nan,nan,nan
0.277642051,-2.4900534933567164,1.8121318373571584,-1.968669889017418,-0.15654968590935076,-2.22233559350601,1.5707879770388309,-2.490053493280554,1.8126153071571969,-1.9692277204028865,-0.1566240721720823,-2.2223355935018025,1.5707879597802168,0.10011740210006932,8.953892943659378e-05,0.30039005554243436,nan,nan,nan
0.287551661,-2.4900534934432343,1.8115779070108293,-1.9680307596802584,-0.15646445864479105,-2.222335593510163,1.5707879968122336,-2.490053493363422,1.8120874503127236,-1.9686186748841306,-0.15654285655491385,-2.222335593506138,1.5707879786231522,0.10020820752690032,0.00015879036993907136,0.300693993608395,nan,nan,nan
0.29758576600000003,-2.4900534935364225,1.8109812704561639,-1.9673423555727105,-0.15637266063836766,-2.2223355935146367,1.5707880181101006,-2.4900534934513385,1.8115255159798331,-1.9679703104821957,-0.1564563978036006,-2.2223355935104836,1.5707879986823627,0.10020820752690032,0.00015879036993907136,0.300693993608395,nan,nan,nan
0.307575898,-2.4900534936349334,1.8103505547207956,-1.9666146306293972,-0.156275619237411,-2.222335593519366,1.5707880406244767,-2.490053493544655,1.8109283825021993,-1.967281333020884,-0.15636452334101794,-2.222335593515007,1.5707880199980007,0.10020820752690032,0.00015879036993907136,0.300693993608395,nan,nan,nan
0.31758632800000003,-2.4900534937394925,1.8096811137743531,-1.9658422242227027,-0.156172619607534,-2.2223355935243854,1.5707880645212093,-2.4900534936437295,1.81029417967781,-1.9665495846459065,-0.15626694541942907,-2.222335593519778,1.570788042636865,0.10020820752690032,0.00015879036993907136,0.300693993608395,nan,nan,nan
0.32754361800000004,-2.490053493849432,1.8089772254722207,-1.965030072176949,-0.15606431993602501,-2.222335593529663,1.5707880896475936,-2.490053493748541,1.809623162225004,-1.9657753592533522,-0.15616370322958878,-2.2223355935248152,1.5707880665898775,0.10020820752690032,0.00015879036993907136,0.300693993608395,nan,nan,nan
0.337745399,-2.4900534939682792,1.808216307508199,-1.964152118843645,-0.1559472457279452,-2.222335593535368,1.5707881168097402,-2.4900534938593784,1.8089135386950996,-1.9649565898551666,-0.1560545211406816,-2.222335593530137,1.5707880919209911,0.10033167626944578,0.0002529520176753758,0.3011104621400301,nan,nan,nan
0.34755607200000005,-2.490053494088704,1.8074452878812703,-1.9632625101295504,-0.1558286172863723,-2.2223355935411493,1.5707881443324814,-2.4900534939762102,1.8081655289919576,-1.9640935301782125,-0.15593943298693538,-2.2223355935357465,1.5707881186223578,0.10033167626944578,0.0002529520176753758,0.3011104621400301,nan,nan,nan
0.35752979300000004,-2.490053494217308,1.8066219013929314,-1.9623124801050076,-0.1557019317228505,-2.222335593547323,1.5707881737245388,-2.4900534940868906,1.8074569066718804,-1.96327591598407,-0.15583040494332012,-2.222335593541055,1.5707881439177305,0.10033167626944578,0.0002529520176753758,0.3011104621400301,nan,nan,nan
0.36757364600000003,-2.4900534943532278,1.8057516761654875,-1.9613084071624773,-0.15556803958970172,-2.2223355935538476,1.5707882047885775,-2.490053494219569,1.8066074274320791,-1.9622957799307492,-0.15569970477066739,-2.222335593547427,1.570788174241209,0.10033167626944578,0.0002529520176753758,0.3011104621400301,nan,nan,nan
0.37751467600000005,-2.4900534944942154,1.8048490025615564,-1.9602668950193443,-0.15542915497620635,-2.222335593560616,1.5707882370109116,-2.490053494358182,1.8057199610619767,-1.9612718140176444,-0.1555631599295856,-2.2223355935540816,1.5707882059206975,0.10033167626944578,0.0002529520176753758,0.3011104621400301,nan,nan,nan
0.387578446,-2.490053494643545,1.8038929193676834,-1.959163758457105,-0.15528205280741333,-2.2223355935677844,1.5707882711397836,-2.4900534945037434,1.804788000577336,-1.9601965104334385,-0.15541976926087617,-2.2223355935610716,1.5707882391884718,0.10033167626944578,0.0002529520176753758,0.3011104621400301,nan,nan,nan
0.397605979,-2.4900534947990587,1.8028972425703844,-1.9580149384733294,-0.15512885879957158,-2.2223355935752505,1.5707883066820107,-2.4900534946551294,1.8038187532404133,-1.959078184975921,-0.15527064166793314,-2.222335593568339,1.5707882737872585,0.10049434501024926,0.00037700897527678107,0.30166493049169896,nan,nan,nan
0.40752560800000004,-2.490053494959598,1.8018693923542703,-1.9568289965373484,-0.15497071461614312,-2.222335593582957,1.5707883433727179,-2.4900534947950153,1.8029231437476554,-1.958044823461698,-0.155132843932702,-2.222335593575047,1.570788305757428,0.10049434501024926,0.00037700897527678107,0.30166493049169896,nan,nan,nan
0.417537621,-2.4900534951284325,1.8007884263017786,-1.9555817691175126,-0.15480439807409724,-2.222335593591062,1.5707883819594775,-2.4900534949620368,1.801853784312004,-1.956810987850734,-0.1549683131751298,-2.222335593583068,1.570788343929871,0.10049434501024926,0.00037700897527678107,0.30166493049169896,nan,nan,nan
0.42753081800000003,-2.4900534953038598,1.7996652547898586,-1.9542858446954496,-0.1546315878350001,-2.2223355935994835,1.570788422052826,-2.490053495134493,1.8007496277476218,-1.9555370030297345,-0.15479842856012763,-2.2223355935913487,1.5707883833444518,0.10049434501024926,0.00037700897527678107,0.30166493049169896,nan,nan,nan
0.43761133100000005,-2.490053495487868,1.7984871416129724,-1.9529265281336619,-0.1544503243168103,-2.2223355936083165,1.5707884641074028,-2.4900534953159554,1.7995878156245757,-1.9541964947563961,-0.15461967310859845,-2.2223355936000626,1.5707884248171369,0.10049434501024926,0.00037700897527678107,0.30166493049169896,nan,nan,nan
0.447526672,-2.4900534956758813,1.7972833874745608,-1.9515376268219997,-0.15426511570150497,-2.2223355936173426,1.5707885070772731,-2.490053495482133,1.798523872887422,-1.9529689089762077,-0.15445597575972134,-2.2223355936080313,1.5707884627962225,0.10069759746912849,0.0005320165157823888,0.3023672702656066,nan,nan,nan
0.457576947,-2.4900534958735685,1.7960176949937858,-1.9500772605473478,-0.15407037730411433,-2.2223355936268328,1.5707885522581289,-2.4900534956722224,1.797306824128366,-1.9515646682231576,-0.15426872164509212,-2.222335593617157,1.5707885062406652,0.10069759746912849,0.0005320165157823888,0.3023672702656066,nan,nan,nan
0.46752499900000005,-2.490053496076404,1.794719040479876,-1.948578862410877,-0.1538705673955905,-2.22233559363657,1.5707885986156154,-2.490053495870331,1.796038431666029,-1.9501011866878275,-0.15407356783077256,-2.2223355936266675,1.570788551517901,0.10069759746912849,0.0005320165157823888,0.3023672702656066,nan,nan,nan
0.477547993,-2.490053496287996,1.7933643219528728,-1.947015777160287,-0.15366213152442013,-2.2223355936467275,1.5707886469743937,-2.490053496079553,1.794698886582772,-1.948555608679993,-0.15386746653311006,-2.222335593636714,1.57078859933504,0.10069759746912849,0.0005320165157823888,0.3023672702656066,nan,nan,nan
0.48753399700000005,-2.490053496506098,1.7919679264465689,-1.945404604672138,-0.15344728326771354,-2.2223355936571974,1.5707886968208966,-2.4900534962959036,1.793313699737622,-1.9469573688362098,-0.15365434283174173,-2.2223355936471028,1.5707886487814322,0.10069759746912849,0.0005320165157823888,0.3023672702656066,nan,nan,nan
0.49758847100000003,-2.4900534967330783,1.7905146851835767,-1.9437278430877545,-0.15322368876993803,-2.2223355936680935,1.5707887486965968,-2.490053496520926,1.7918729894728287,-1.9452950656194252,-0.15343267634298993,-2.222335593657908,1.5707887002098189,0.10093952070755638,0.0007165157633076472,0.3032176449867603,nan,nan,nan
0.507560107,-2.490053496965581,1.7890260860536211,-1.9420102853090022,-0.1529946541400197,-2.2223355936792553,1.570788801834451,-2.4900534967494727,1.7904097197312157,-1.9436067330948759,-0.15320753887179217,-2.2223355936688787,1.5707887524435014,0.10093952070755638,0.0007165157633076472,0.3032176449867603,nan,nan,nan
0.517497991,-2.4900534972046557,1.7874954123248314,-1.94024418151604,-0.1527591459471528,-2.222335593690732,1.5707888564742232,-2.4900534969841104,1.7889074533567677,-1.9418734059383105,-0.15297640141095248,-2.2223355936801434,1.5707888060692288,0.10093952070755638,0.0007165157633076472,0.3032176449867603,nan,nan,nan
0.527565779,-2.4900534974543547,1.785896712946506,-1.9383995891755814,-0.1525131713841579,-2.222335593702719,1.5707889135422763,-2.4900534972003463,1.7875230171445782,-1.9402760321809507,-0.15276339320129168,-2.222335593690513,1.570788855488826,0.10093952070755638,0.0007165157633076472,0.3032176449867603,nan,nan,nan
0.537527598,-2.4900534977089364,1.7842667540711605,-1.9365189293733152,-0.15226238726082714,-2.2223355937149405,1.5707889717261858,-2.490053497449154,1.7859300278508135,-1.9384380281824822,-0.15251829718718093,-2.2223355937024576,1.5707889123530492,0.10093952070755638,0.0007165157633076472,0.3032176449867603,nan,nan,nan
0.547519132,-2.490053497971789,1.782583840377587,-1.9345771698712444,-0.1520034555529982,-2.222335593727559,1.5707890318003996,-2.4900534977150905,1.784227361075132,-1.9364734774136738,-0.1522563262865162,-2.22233559371523,1.5707889731323796,0.101221351927955,0.0009314502509833004,0.3042291037109428,nan,nan,nan
0.557630182,-2.490053498245457,1.7808316832526552,-1.9325555167351087,-0.151733870108138,-2.2223355937406963,1.570789094346365,-2.490053497981658,1.7825206620791003,-1.9345042742362464,-0.1519937349917455,-2.222335593728028,1.5707890340556467,0.101221351927955,0.0009314502509833004,0.3042291037109428,nan,nan,nan
0.5675273080000001,-2.490053498520898,1.779068172080092,-1.9305207632065056,-0.15146253773890783,-2.2223355937539186,1.5707891572976307,-2.4900534982601994,1.780737294692631,-1.9324466104466005,-0.15171934756189553,-2.222335593741403,1.5707890977157108,0.101221351927955,0.0009314502509833004,0.3042291037109428,nan,nan,nan
0.577560602,-2.4900534988077205,1.777231790671582,-1.9284019314072174,-0.1511799936154946,-2.222335593767688,1.5707892228501126,-2.4900534985416987,1.7789349976624613,-1.9303671054801539,-0.15144204763272034,-2.2223355937549165,1.570789162051498,0.101221351927955,0.0009314502509833004,0.3042291037109428,nan,nan,nan
0.587487765,-2.4900534990990986,1.7753662433755635,-1.9262494477697973,-0.15089296205277195,-2.2223355937816756,1.570789289443716,-2.490053498828574,1.7770982776028115,-1.928247882942427,-0.15115945140472314,-2.2223355937686877,1.5707892276160687,0.101221351927955,0.0009314502509833004,0.3042291037109428,nan,nan,nan
0.5975112800000001,-2.4900534994009407,1.7734336984224792,-1.9240196616909506,-0.15059562228599177,-2.2223355937961657,1.5707893584289048,-2.490053499092897,1.775405965479017,-1.9262952794551653,-0.15089907366214553,-2.2223355937813647,1.570789288025774,0.10154110803177517,0.0011753075958180793,0.3054055479548841,nan,nan,nan
0.607664249,-2.4900534997145103,1.7714260687493832,-1.9217032422517004,-0.15028673004634338,-2.2223355938112186,1.570789430094359,-2.4900534994251826,1.7732784904895025,-1.9238405815154558,-0.15057174212137028,-2.2223355937973284,1.5707893639692925,0.10154110803177517,0.0011753075958180793,0.3054055479548841,nan,nan,nan
0.617599968,-2.4900535000290764,1.769412059955864,-1.9193794625314424,-0.14997685632050714,-2.22233559382632,1.5707895019875255,-2.490053499734335,1.7712991459400746,-1.921556797681857,-0.15026720180743774,-2.22233559381217,1.5707894346250653,0.10154110803177517,0.0011753075958180793,0.3054055479548841,nan,nan,nan
0.6275671260000001,-2.490053500352255,1.7673429134099894,-1.9169920644242355,-0.14965849914573484,-2.222335593841834,1.5707895758489199,-2.4900535000188233,1.7694777268770676,-1.919455229558467,-0.14998695977805973,-2.222335593825814,1.570789499643443,0.10154110803177517,0.0011753075958180793,0.3054055479548841,nan,nan,nan
0.637538483,-2.490053500683211,1.7652239639524023,-1.9145472033125874,-0.1493324793361918,-2.222335593857722,1.5707896514881063,-2.4900535003428366,1.7674032321603925,-1.9170616606883086,-0.14966777973815393,-2.2223355938413683,1.5707895736957487,0.10154110803177517,0.0011753075958180793,0.3054055479548841,nan,nan,nan
0.647549314,-2.4900535010231613,1.7630474346868412,-1.9120359061503633,-0.1489976003450566,-2.2223355938740412,1.5707897291826933,-2.4900535006760167,1.7652700461487907,-1.9146003733248913,-0.1493395695041979,-2.2223355938573635,1.5707896498431309,0.10189148790888748,0.0014425197104052517,0.30673264693117885,nan,nan,nan
0.65754159,-2.490053501370167,1.7608257317876457,-1.9094724872823812,-0.1486557709760438,-2.2223355938906995,1.5707898084898233,-2.4900535010290468,1.7630097614759146,-1.9119924384927536,-0.14899180397545758,-2.2223355938743183,1.5707897305274974,0.10189148790888748,0.0014425197104052517,0.30673264693117885,nan,nan,nan
0.6675181360000001,-2.49005350172428,1.7585585197892626,-1.9068565596457585,-0.14830693961470104,-2.2223355939076987,1.5707898894214711,-2.4900535013866096,1.760720457192983,-1.9093510205986008,-0.1486395735135217,-2.2223355938914877,1.5707898122477635,0.10189148790888748,0.0014425197104052517,0.30673264693117885,nan,nan,nan
0.677494201,-2.490053502086013,1.7562425268347828,-1.9041843481453922,-0.14795060285583259,-2.222335593925064,1.5707899720944307,-2.490053501748526,1.7584032848741098,-1.9066774483380078,-0.14828305529863103,-2.2223355939088636,1.570789894962822,0.10189148790888748,0.0014425197104052517,0.30673264693117885,nan,nan,nan
0.6876099200000001,-2.4900535024605674,1.7538444423347546,-1.9014174187523514,-0.14758163555971893,-2.2223355939430447,1.5707900576977754,-2.4900535021137102,1.75606519204296,-1.903979737820263,-0.14792331827103164,-2.2223355939263945,1.570789978424671,0.10189148790888748,0.0014425197104052517,0.30673264693117885,nan,nan,nan
0.6975447370000001,-2.490053502836074,1.7514402589250286,-1.898643452387716,-0.14721172989040768,-2.222335593961071,1.5707901435188298,-2.4900535024475006,1.7539281207367472,-1.901513967572346,-0.14759451024879466,-2.2223355939424034,1.570790054710745,0.10228123316358688,0.0017397532496284743,0.3082598104288854,nan,nan,nan
0.70755648,-2.490053503222091,1.7489687858211571,-1.8957918466268968,-0.14683147108445552,-2.222335593979602,1.5707902317418947,-2.490053502828554,1.7514884288629429,-1.8986990312531662,-0.14721914127659144,-2.2223355939606955,1.5707901417993293,0.10228123316358688,0.0017397532496284743,0.3082598104288854,nan,nan,nan
0.717541863,-2.4900535036146936,1.7464551500740755,-1.892891593265551,-0.14644472516912,-2.2223355939984493,1.5707903214700203,-2.4900535032287685,1.7489260427494981,-1.8957425293227543,-0.14682489467028267,-2.2223355939799174,1.5707902332676746,0.10228123316358688,0.0017397532496284743,0.3082598104288854,nan,nan,nan
0.727463586,-2.4900535040122964,1.743909498709097,-1.8899544000239825,-0.14605305335731644,-2.222335594017536,1.5707904123409928,-2.490053503632521,1.746341010747068,-1.8927598983815184,-0.14642716378621887,-2.2223355939993046,1.5707903255444002,0.10228123316358688,0.0017397532496284743,0.3082598104288854,nan,nan,nan
0.737581228,-2.490053504425377,1.7412647515169093,-1.8869028692113108,-0.1456461347435669,-2.222335594037366,1.5707905067493448,-2.4900535040418887,1.7437200353842657,-1.8897357956988607,-0.1460239026864661,-2.2223355940189577,1.57079041910418,0.10228123316358688,0.0017397532496284743,0.3082598104288854,nan,nan,nan
0.747547916,-2.4900535048398607,1.7386110196962337,-1.8838409718612432,-0.14523783376231544,-2.222335594057264,1.570790601478417,-2.490053504411159,1.7413557968486133,-1.8870079180547006,-0.14566014290234627,-2.2223355940366694,1.5707905034993406,0.10269745771448915,0.0020571808283806094,0.30995641925266715,nan,nan,nan
0.757660108,-2.490053505267981,1.7358699794092776,-1.8806783372929456,-0.14481609957271335,-2.222335594077816,1.5707906993241003,-2.4900535048699193,1.738418567595691,-1.883618919062406,-0.1452082232409109,-2.2223355940587077,1.5707906083482932,0.10269745771448915,0.0020571808283806094,0.30995641925266715,nan,nan,nan
0.7675976910000001,-2.4900535056961806,1.7331284333305892,-1.8775151191380353,-0.144394287562414,-2.222335594098372,1.5707907971878385,-2.4900535052947235,1.7356987618177813,-1.8804807850432876,-0.14478975617528875,-2.2223355940791,1.5707907054359775,0.10269745771448915,0.0020571808283806094,0.30995641925266715,nan,nan,nan
0.7775993640000001,-2.4900535061345366,1.7303218586468034,-1.874276870449868,-0.14396247030476303,-2.2223355941194156,1.5707908973728737,-2.4900535057254785,1.732940851959058,-1.8772986862259318,-0.14436542644734018,-2.2223355940997784,1.5707908038838465,0.10269745771448915,0.0020571808283806094,0.30995641925266715,nan,nan,nan
0.7875473970000001,-2.490053506577885,1.7274833201907998,-1.871001741701444,-0.14352573512757724,-2.2223355941406986,1.5707909986989053,-2.49005350611956,1.730417766321105,-1.8743875295036778,-0.14397722657954581,-2.222335594118681,1.5707908939493003,0.10269745771448915,0.0020571808283806094,0.30995641925266715,nan,nan,nan
0.797532569,-2.490053507030195,1.7245874090832556,-1.867660415921221,-0.14308017264171677,-2.2223355941624123,1.5707911020729426,-2.4900535065669227,1.7275535265926505,-1.8710827464181425,-0.1435365370258594,-2.2223355941401572,1.5707909961927786,0.10312790620983733,0.002385456078816784,0.3117913744090102,nan,nan,nan
0.8075593000000001,-2.490053507491707,1.721632576699153,-1.8642511062930631,-0.1426255445770182,-2.2223355941845675,1.5707912075502661,-2.4900535070319876,1.7245759413791464,-1.867647184390432,-0.1430784082296941,-2.2223355941624905,1.5707911024823,0.10312790620983733,0.002385456078816784,0.3117913744090102,nan,nan,nan
0.817551656,-2.490053507958902,1.7186413598629287,-1.8607998159882344,-0.14216531843063415,-2.2223355942069953,1.5707913143263892,-2.49005350750234,1.7215645077315669,-1.8641725677642933,-0.14261507154146602,-2.2223355941850733,1.5707912099800936,0.10312790620983733,0.002385456078816784,0.3117913744090102,nan,nan,nan
0.827567076,-2.4900535084343933,1.7155970274969745,-1.8572872405533638,-0.1416969199728133,-2.2223355942298215,1.5707914229985536,-2.4900535079798116,1.7185074900738684,-1.8606453559366714,-0.14214472133517778,-2.2223355942079994,1.570791319105079,0.10312790620983733,0.002385456078816784,0.3117913744090102,nan,nan,nan
0.8375592110000001,-2.4900535089159366,1.712513945930826,-1.8537299559762699,-0.14122255959512592,-2.222335594252938,1.5707915330539306,-2.4900535084630477,1.715413567178431,-1.8570755625457014,-0.14166869291954695,-2.222335594231199,1.5707914295474543,0.10312790620983733,0.002385456078816784,0.3117913744090102,nan,nan,nan
0.847598947,-2.4900535094069074,1.7093705074316081,-1.8501030310790865,-0.14073891274967806,-2.2223355942765073,1.570791645263842,-2.4900535089484297,1.7123059070785116,-1.853489919056514,-0.14119055090900112,-2.2223355942545,1.5707915404802002,0.10358002831201081,0.0027302603737581026,0.3138195762644951,nan,nan,nan
0.85751555,-2.4900535098988503,1.706220843335637,-1.8464689230377538,-0.14025430803906713,-2.222335594300123,1.5707917576959856,-2.490053509388886,1.7094859091969221,-1.8502361825735953,-0.1407566683691677,-2.2223355942756275,1.570791641144397,0.10358002831201081,0.0027302603737581026,0.3138195762644951,nan,nan,nan
0.8675293460000001,-2.4900535104025696,1.7029957807114953,-1.8427478195616127,-0.1397581025733245,-2.2223355943243046,1.5707918728195966,-2.4900535098872134,1.70629536884877,-1.8465549111801633,-0.14026577447223598,-2.22233559429955,1.5707917550356818,0.10358002831201081,0.0027302603737581026,0.3138195762644951,nan,nan,nan
0.8775158810000001,-2.4900535109118396,1.6997351807261105,-1.838985712789144,-0.13925642935859772,-2.222335594348752,1.570791989211769,-2.4900535104108887,1.7029425256418094,-1.842686373428679,-0.1397499087918404,-2.2223355943246994,1.5707918747206193,0.10358002831201081,0.0027302603737581026,0.3138195762644951,nan,nan,nan
0.887519719,-2.4900535114288513,1.6964250143682493,-1.8351664159331271,-0.13874712990283122,-2.222335594373572,1.5707921073732898,-2.490053510927601,1.6996342721922757,-1.838869283701842,-0.13924090365457048,-2.222335594349506,1.5707919928138556,0.10358002831201081,0.0027302603737581026,0.3138195762644951,nan,nan,nan
0.897613356,-2.490053511957383,1.693041091933075,-1.8312620187154545,-0.13822648239806234,-2.2223355943989445,1.570792228167648,-2.4900535114521323,1.6962759641901068,-1.834994440625222,-0.13872419716526058,-2.222335594374686,1.570792112693867,0.10403906407301328,0.003080337251371322,0.31600235573343316,nan,nan,nan
0.907529628,-2.490053512483334,1.6896736900256015,-1.8273766830169587,-0.13770837672801037,-2.2223355944241927,1.5707923483722805,-2.490053511984966,1.6928644847224654,-1.8310582478794424,-0.1381993097583122,-2.22233559440027,1.5707922344719163,0.10403906407301328,0.003080337251371322,0.31600235573343316,nan,nan,nan
0.917544597,-2.4900535130211496,1.6862303253749653,-1.8234037008878088,-0.13717858349317494,-2.222335594450011,1.570792471288521,-2.490053512519019,1.6894452137735068,-1.8271130652591747,-0.1376732235604738,-2.2223355944259073,1.5707923565280948,0.10403906407301328,0.003080337251371322,0.31600235573343316,nan,nan,nan
0.9275289480000001,-2.490053513563904,1.682755342186732,-1.8193942370329144,-0.1366439254563177,-2.222335594476066,1.570792595333434,-2.4900535130035255,1.6863431811668195,-1.8235339148174368,-0.1371959473912924,-2.222335594449149,1.5707924672599585,0.10403906407301328,0.003080337251371322,0.31600235573343316,nan,nan,nan
0.9377931070000001,-2.4900535141285896,1.6791399444205153,-1.8152227616963443,-0.13608766334872283,-2.222335594503174,1.5707927243906634,-2.4900535136024984,1.6825082394457298,-1.8191091278807918,-0.1366059064326177,-2.222335594477921,1.5707926041541496,0.10403906407301328,0.003080337251371322,0.31600235573343316,nan,nan,nan
0.947589212,-2.4900535146739284,1.675648412159702,-1.8111942033869604,-0.13555045908525729,-2.2223355945293535,1.5707928490263214,-2.4900535141525255,1.678986686699259,-1.8150459316909833,-0.13606408324207703,-2.2223355945043246,1.5707927298614355,0.10449473847953616,0.0034278506203357755,0.31831632511096336,nan,nan,nan
0.9577231150000001,-2.4900535152444347,1.6719957452851704,-1.806979726650211,-0.1349884627835073,-2.222335594556741,1.570792979413929,-2.4900535147097296,1.6754191927358464,-1.8109297281515562,-0.13551519157392589,-2.222335594531073,1.570792857208664,0.10449473847953616,0.0034278506203357755,0.31831632511096336,nan,nan,nan
0.96759295,-2.4900535158063173,1.6683982931020716,-1.8028289570733433,-0.1344349617684761,-2.222335594583714,1.5707931078305628,-2.4900535152739547,1.6718067425453698,-1.8067616537518385,-0.13495938297789875,-2.2223355945581598,1.5707929861606749,0.10449473847953616,0.0034278506203357755,0.31831632511096336,nan,nan,nan
0.9776496370000001,-2.4900535163850157,1.6646931784884236,-1.7985539657087912,-0.1338648959010003,-2.222335594611495,1.5707932400903741,-2.4900535158432033,1.6681621258027497,-1.802556465322738,-0.1343986252627801,-2.2223355945854864,1.5707931162609206,0.10449473847953616,0.0034278506203357755,0.31831632511096336,nan,nan,nan
0.987638597,-2.4900535169659483,1.6609737570009628,-1.794262466956916,-0.13329262878976245,-2.222335594639383,1.5707933728608914,-2.4900535164182283,1.6644805287039348,-1.7983086086580025,-0.1338321777806691,-2.222335594613091,1.5707932476812378,0.10449473847953616,0.0034278506203357755,0.31831632511096336,nan,nan,nan
0.99749717,-2.4900535175452156,1.6572649980682816,-1.7899832707474341,-0.13272200221037683,-2.2223355946671908,1.5707935052507922,-2.4900535170014466,1.6607464732208324,-1.7940002250829783,-0.133257659094974,-2.2223355946410885,1.5707933809741381,0.1049423853744291,0.0037692419012154074,0.3207643767209233,nan,nan,nan
1.0075819110000002,-2.4900535181437116,1.6534331278702203,-1.7855620277590374,-0.1321324338336076,-2.222335594695922,1.5707936420353406,-2.490053517588239,1.656989535034036,-1.7896654392583908,-0.13267961969543351,-2.2223355946692585,1.570793515083872,0.1049423853744291,0.0037692419012154074,0.3207643767209233,nan,nan,nan
1.01752338,-2.490053518739552,1.6496182624441904,-1.7811604050148626,-0.13154548179698705,-2.2223355947245254,1.5707937782128771,-2.490053518122216,1.6535707705922433,-1.7857208410502106,-0.13215361142828488,-2.2223355946948757,1.57079363712197,0.1049423853744291,0.0037692419012154074,0.3207643767209233,nan,nan,nan
1.0275146940000002,-2.4900535193441087,1.6457475882444124,-1.776694389653801,-0.1309499430686344,-2.222335594753548,1.5707939163825946,-2.4900535187245945,1.6497140412691653,-1.7812709154012591,-0.13156021824712205,-2.2223355947237944,1.5707937747939034,0.1049423853744291,0.0037692419012154074,0.3207643767209233,nan,nan,nan
1.037575159,-2.490053519958557,1.641813581294401,-1.772155300450612,-0.1303446600157558,-2.2223355947830448,1.5707940568130725,-2.490053519353552,1.6456871307158234,-1.7766246332652216,-0.13094064112278994,-2.2223355947539982,1.5707939185407198,0.1049423853744291,0.0037692419012154074,0.3207643767209233,nan,nan,nan
1.047493605,-2.490053520569875,1.6378996211786403,-1.767639341447766,-0.12974246135220077,-2.222335594812391,1.570794196527948,-2.4900535199858536,1.6416388130748867,-1.7719536514574736,-0.13031777032166147,-2.222335594784359,1.5707940630516952,0.10538316793707199,0.004105398170932171,0.3233884651754809,nan,nan,nan
1.057587783,-2.4900535211975323,1.633881046937439,-1.763002677816453,-0.12912416684590186,-2.2223355948425225,1.5707943399771864,-2.4900535206109566,1.637636589805603,-1.7673358537104957,-0.12970199156236592,-2.222335594814367,1.5707942059172606,0.10538316793707199,0.004105398170932171,0.3233884651754809,nan,nan,nan
1.067582845,-2.4900535218244415,1.6298672604850242,-1.7583715383747678,-0.12850660898482247,-2.2223355948726176,1.5707944832555176,-2.4900535212359425,1.6336351188702025,-1.7627189240124692,-0.1290863285565438,-2.22233559484437,1.57079434875597,0.10538316793707199,0.004105398170932171,0.3233884651754809,nan,nan,nan
1.077534714,-2.4900535224538887,1.6258372238083767,-1.753721649292245,-0.12788655087769404,-2.2223355949028343,1.5707946271139255,-2.490053521800622,1.6300197809927282,-1.7585475177760141,-0.12853007566329802,-2.2223355948714625,1.5707944778110612,0.10538316793707199,0.004105398170932171,0.3233884651754809,nan,nan,nan
1.087524325,-2.4900535230908782,1.6217589005348283,-1.7490160467416382,-0.12725906343473664,-2.2223355949334134,1.5707947726959985,-2.4900535224521416,1.6258484164370797,-1.7537345634376766,-0.12788827296572794,-2.2223355949027455,1.570794626714387,0.10538316793707199,0.004105398170932171,0.3233884651754809,nan,nan,nan
1.097519286,-2.49005352373328,1.6176459249279955,-1.7442704620471579,-0.12662624441246426,-2.2223355949642523,1.5707949195150404,-2.490053523105236,1.6216669750996364,-1.7489099824265772,-0.12724491986283448,-2.2223355949341004,1.5707947759774195,0.10580239330563705,0.00442511413169229,0.3261412612429262,nan,nan,nan
1.1076385610000001,-2.490053524388718,1.6134494814780183,-1.7394285714766469,-0.12598058309693774,-2.222335594995717,1.5707950693135961,-2.490053523767171,1.6174289311836165,-1.7440200929001273,-0.12659285793406902,-2.222335594965883,1.5707949272609685,0.10580239330563705,0.00442511413169229,0.3261412612429262,nan,nan,nan
1.1175643210000001,-2.4900535250364904,1.6093021213053798,-1.734643313590586,-0.12534247369383295,-2.2223355950268138,1.5707952173600483,-2.4900535243569384,1.613652962743966,-1.7396633498150722,-0.12601189055550005,-2.2223355949941817,1.5707950620500168,0.10580239330563705,0.00442511413169229,0.3261412612429262,nan,nan,nan
1.127544354,-2.490053525692528,1.605101841976225,-1.7297969971514935,-0.1246962221931114,-2.222335595058307,1.5707953672955317,-2.4900535250124114,1.6094562942582515,-1.7348211995964968,-0.12536619461615714,-2.222335595025647,1.570795211856606,0.10580239330563705,0.00442511413169229,0.3261412612429262,nan,nan,nan
1.137492537,-2.4900535263510895,1.6008854017964622,-1.7249320341915786,-0.12404748419729278,-2.2223355950899215,1.570795517807902,-2.4900535257365988,1.60481967180088,-1.7294714269085165,-0.12465280772299886,-2.222335595060426,1.5707953773680337,0.10580239330563705,0.00442511413169229,0.3261412612429262,nan,nan,nan
1.1474847320000001,-2.4900535270170883,1.596621343903915,-1.720012129527511,-0.12339141977960157,-2.2223355951218933,1.5707956700200603,-2.4900535263320736,1.6010071562829942,-1.7250725155074558,-0.12406621724122233,-2.2223355950889987,1.5707955134616869,0.10619007109112778,0.00472077075851568,0.3289912342995522,nan,nan,nan
1.157504109,-2.4900535276893434,1.592317233505487,-1.7150460119565236,-0.12272919291650983,-2.2223355951541652,1.5707958236619548,-2.490053526999584,1.5967334239679123,-1.7201414484160118,-0.12340866432488667,-2.222335595121043,1.5707956660191884,0.10619007109112778,0.00472077075851568,0.3289912342995522,nan,nan,nan
1.167680432,-2.4900535283765537,1.58791736791239,-1.7099694112634185,-0.12205223323842952,-2.222335595187155,1.5707959807219793,-2.490053527737239,1.5920105771118078,-1.714692189315754,-0.12268201101711151,-2.2223355951564683,1.57079583460853,0.10619007109112778,0.00472077075851568,0.3289912342995522,nan,nan,nan
1.177602365,-2.490053529050811,1.583600439060056,-1.7049885036560977,-0.12138803413863052,-2.222335595219523,1.5707961348214485,-2.4900535284119054,1.5876910239939832,-1.7097082538095743,-0.12201740814999565,-2.2223355951888557,1.5707959888016765,0.10619007109112778,0.00472077075851568,0.3289912342995522,nan,nan,nan
1.187486287,-2.4900535297264965,1.5792743609230473,-1.699997039529734,-0.12072242733746497,-2.2223355952519595,1.5707962892475156,-2.490053529024562,1.5837685025467712,-1.705182416672883,-0.12141389224699507,-2.222335595218254,1.5707961288221617,0.10619007109112778,0.00472077075851568,0.3289912342995522,nan,nan,nan
1.197491096,-2.4900535304143947,1.5748700926770562,-1.694915359019925,-0.12004479027085478,-2.2223355952849824,1.5707964464646997,-2.49005352977608,1.5789568979635746,-1.6996307481854906,-0.12067358274879947,-2.2223355952543433,1.570796300579848,0.10653866597209408,0.004986621348571245,0.33191216380053035,nan,nan,nan
1.207802093,-2.4900535311273626,1.5703053176914077,-1.6896484845289472,-0.11934245777014342,-2.2223355953192088,1.570796609411421,-2.490053530463215,1.5745575129631024,-1.6945547020040626,-0.11999669701430225,-2.2223355952873294,1.5707964576227174,0.10653866597209408,0.004986621348571245,0.33191216380053035,nan,nan,nan
1.2175256520000002,-2.490053531803417,1.5659768804259855,-1.684654298421039,-0.11867648799543294,-2.2223355953516633,1.5707967639217006,-2.490053531086704,1.570565636272378,-1.6899488422235327,-0.11938251017094789,-2.2223355953172486,1.5707966001189455,0.10653866597209408,0.004986621348571245,0.33191216380053035,nan,nan,nan
1.2275300710000001,-2.49005353250255,1.5615006812700096,-1.6794896234424772,-0.1179877836985547,-2.2223355953852253,1.5707969237065702,-2.490053531799928,1.5659992203211484,-1.6846800743731305,-0.1186799251926612,-2.2223355953514923,1.5707967631242437,0.10653866597209408,0.004986621348571245,0.33191216380053035,nan,nan,nan
1.237623167,-2.4900535332114315,1.5569620698154105,-1.674252936646339,-0.11728947669707324,-2.222335595419256,1.5707970857193436,-2.4900535325251467,1.5613560031509215,-1.6793226926518432,-0.11796552364240359,-2.222335595386313,1.57079692887108,0.10653866597209408,0.004986621348571245,0.33191216380053035,nan,nan,nan
1.2475906060000002,-2.4900535339148857,1.5524582042032595,-1.669056339885708,-0.11659651566214929,-2.2223355954530253,1.5707972464918103,-2.4900535332441005,1.5567528986154593,-1.674011593214665,-0.11725729378889554,-2.2223355954208284,1.5707970931860338,0.10653866597209408,0.004986621348571245,0.33191216380053035,nan,nan,nan
1.257524942,-2.490053534619236,1.5479486044875794,-1.6638531270698058,-0.11590267238280288,-2.222335595486838,1.5707974074689643,-2.490053533884218,1.5526545574931743,-1.6692828939074191,-0.1166267264162312,-2.222335595451548,1.5707972394826752,0.10685101062865689,0.005224826197141933,0.3349713464468028,nan,nan,nan
1.267561522,-2.490053535333978,1.5433724668548288,-1.6585731422642207,-0.11519859163461402,-2.2223355955211495,1.570797570821293,-2.490053534614853,1.547976665675897,-1.6638855042964522,-0.11590698985347027,-2.2223355954866264,1.570797406467277,0.10685101062865689,0.005224826197141933,0.3349713464468028,nan,nan,nan
1.27755499,-2.490053536048678,1.5387966012844472,-1.6532934713664091,-0.11449455274571607,-2.2223355955554593,1.5707977341639097,-2.490053535345135,1.5433010315497266,-1.6584907196278365,-0.11518760065717976,-2.2223355955216864,1.5707975733712871,0.10685101062865689,0.005224826197141933,0.3349713464468028,nan,nan,nan
1.287550371,-2.490053536766409,1.5342013278473232,-1.6479914075141606,-0.1137875277785064,-2.222335595589914,1.5707978981993203,-2.49005353608304,1.538576597533397,-1.6530396292492056,-0.11446070315019252,-2.222335595557113,1.5707977420172847,0.10685101062865689,0.005224826197141933,0.3349713464468028,nan,nan,nan
1.2975623440000001,-2.4900535374881083,1.529580653006624,-1.6426600353159484,-0.11307659457236913,-2.2223355956245596,1.5707980631414735,-2.4900535368098584,1.5339231410245748,-1.6476704332957923,-0.113744726183736,-2.2223355955920043,1.5707979081296304,0.10685101062865689,0.005224826197141933,0.3349713464468028,nan,nan,nan
1.3076274170000002,-2.4900535382163054,1.5249183702496718,-1.6372806555656825,-0.11235925960667889,-2.222335595659517,1.5707982295688856,-2.4900535375321464,1.529298693514273,-1.642334708160718,-0.11303321251777236,-2.222335595626678,1.5707980732064546,0.1071157126630768,0.005426697060577121,0.33811345150575023,nan,nan,nan
1.317553628,-2.4900535389369662,1.5203043403476135,-1.6319569503516989,-0.11164934878530046,-2.222335595694113,1.5707983942738375,-2.4900535382586972,1.5246469517040744,-1.6369674906405147,-0.11231749937342099,-2.222335595661556,1.5707982392575914,0.1071157126630768,0.005426697060577121,0.33811345150575023,nan,nan,nan
1.327487875,-2.490053539660571,1.5156714609933823,-1.626611496486548,-0.11093653780281365,-2.22233559572885,1.5707985596516498,-2.4900535389833363,1.5200074535826664,-1.6316143999879835,-0.1116036700328954,-2.222335595696342,1.5707984048716708,0.1071157126630768,0.005426697060577121,0.33811345150575023,nan,nan,nan
1.337537028,-2.490053540394815,1.5109704645088755,-1.6211874485226792,-0.11021324637504792,-2.222335595764098,1.5707987274610085,-2.490053539639239,1.5158080389977393,-1.6267690812977857,-0.11095755158094457,-2.2223355957278224,1.570798554776286,0.1071157126630768,0.005426697060577121,0.33811345150575023,nan,nan,nan
1.347526248,-2.490053541126824,1.5062837786787415,-1.6157799123081744,-0.10949215677271806,-2.222335595799238,1.5707988947595262,-2.4900535404429296,1.5106624064845544,-1.6208320086690726,-0.110165848821922,-2.222335595766411,1.5707987384576172,0.1071157126630768,0.005426697060577121,0.33811345150575023,nan,nan,nan
1.357497243,-2.4900535418594982,1.5015928328942576,-1.6103674609237066,-0.10877041173733824,-2.2223355958344104,1.5707990622101096,-2.490053541102228,1.5064412516904329,-1.6159616059487512,-0.10951638543938047,-2.222335595798054,1.5707988891382831,0.10732327197758593,0.0055849888354794625,0.34125076608816907,nan,nan,nan
1.367558309,-2.490053542600682,1.4968474061710364,-1.6048921489891825,-0.1080402843098219,-2.2223355958699913,1.5707992316054746,-2.4900535418371756,1.5017357463574639,-1.6105323556388684,-0.1087924002839258,-2.222335595833337,1.5707990571085921,0.10732327197758593,0.0055849888354794625,0.34125076608816907,nan,nan,nan
1.3775158390000002,-2.4900535433359874,1.492139612385313,-1.5994602582439068,-0.10731594705491761,-2.22233559590529,1.5707993996574736,-2.4900535425762556,1.4970037924317077,-1.6050725887275952,-0.10806434576987783,-2.222335595868817,1.5707992260230246,0.10732327197758593,0.0055849888354794625,0.34125076608816907,nan,nan,nan
1.387535667,-2.4900535440775124,1.4873919993510154,-1.5939824237258877,-0.1065854832433888,-2.2223355959408875,1.5707995691308825,-2.4900535433446747,1.4920839890947108,-1.5993960796383961,-0.10730738890094467,-2.2223355959057094,1.5707994016430333,0.10732327197758593,0.0055849888354794625,0.34125076608816907,nan,nan,nan
1.397491805,-2.4900535448158077,1.4826650642578931,-1.5885284475845123,-0.10585820092277268,-2.22233559597633,1.57079973786616,-2.490053544111824,1.487172316080488,-1.5937289513817126,-0.10655168295673371,-2.222335595942539,1.5707995769728176,0.10732327197758593,0.0055849888354794625,0.34125076608816907,nan,nan,nan
1.4075652440000002,-2.490053545564168,1.477873687939169,-1.5830001186331175,-0.10512100372852792,-2.222335596012255,1.570799908901767,-2.490053544787961,1.482843349438554,-1.5887341544748468,-0.10588563173253476,-2.222335595974992,1.570799731501994,0.10747720754473117,0.005702385206149435,0.34446993575618706,nan,nan,nan
1.417624836,-2.4900535463127427,1.4730809405905998,-1.5774702077763407,-0.10438359558876611,-2.222335596048191,1.5708000799863153,-2.4900535456087787,1.477588065772428,-1.5826705654543949,-0.1050770581378829,-2.222335596014401,1.5707999190974935,0.10747720754473117,0.005702385206149435,0.34446993575618706,nan,nan,nan
1.427558632,-2.4900535470530465,1.4683411463555458,-1.5720013946524574,-0.10365433477121681,-2.2223355960837297,1.57080024918062,-2.4900535462820312,1.4732775633396522,-1.577697072702172,-0.10441384780162592,-2.2223355960467175,1.5708000729675615,0.10747720754473117,0.005702385206149435,0.34446993575618706,nan,nan,nan
1.43768976,-2.490053547809029,1.463500969208295,-1.566416758908348,-0.10290962912189078,-2.2223355961200206,1.570800421958248,-2.4900535470997056,1.4680424074134066,-1.5716567072316352,-0.10360837104436371,-2.2223355960859736,1.5708002598445698,0.10747720754473117,0.005702385206149435,0.34446993575618706,nan,nan,nan
1.447494622,-2.4900535485414834,1.4588114306445517,-1.5610059311866114,-0.1021881006003292,-2.2223355961551823,1.5708005893585988,-2.4900535478460633,1.4632638544729855,-1.5661431739983822,-0.10287314684448944,-2.2223355961218023,1.5708004304224266,0.10747720754473117,0.005702385206149435,0.34446993575618706,nan,nan,nan
1.4577601530000002,-2.49005354930906,1.4538970192477148,-1.5553356433617902,-0.10143197333081068,-2.2223355961920306,1.5708007647861337,-2.490053548592162,1.458486955226995,-1.5606315488112088,-0.10213817708067194,-2.222335596157619,1.5708006009412518,0.10757091590493467,0.005773850150219688,0.3476779831437656,nan,nan,nan
1.467597757,-2.4900535500452046,1.4491838570006665,-1.549897558442191,-0.10070681008889075,-2.2223355962273694,1.5708009330297683,-2.4900535493408187,1.45369368113235,-1.5551010301905261,-0.10140068789619422,-2.2223355961935587,1.570800772044603,0.10757091590493467,0.005773850150219688,0.3476779831437656,nan,nan,nan
1.477573492,-2.490053550792109,1.4444018054123213,-1.5443799884405196,-0.09997104758994341,-2.2223355962632247,1.5708011037325145,-2.490053550014485,1.4493805308911287,-1.5501244823753868,-0.1007370701703288,-2.2223355962258973,1.5708009260091889,0.10757091590493467,0.005773850150219688,0.3476779831437656,nan,nan,nan
1.487533867,-2.4900535515381588,1.439625218703216,-1.5388687238609453,-0.0992361259127922,-2.222335596299039,1.5708012742401838,-2.490053550784907,1.444447905993148,-1.5444331796648856,-0.09997814058662416,-2.222335596262883,1.5708011020868828,0.10757091590493467,0.005773850150219688,0.3476779831437656,nan,nan,nan
1.497476169,-2.49005355228302,1.4348562485058152,-1.5333662472744998,-0.09850237610582714,-2.222335596334797,1.5708014444759695,-2.490053551567762,1.4394356809740043,-1.5386500336874256,-0.0992069637941689,-2.2223355963004643,1.5708012810060268,0.10757091590493467,0.005773850150219688,0.3476779831437656,nan,nan,nan
1.507522166,-2.490053553035682,1.4300373269977926,-1.5278061364597444,-0.09776094083155801,-2.222335596370929,1.5708016164948448,-2.4900535523298912,1.4345561525919797,-1.5330199941687028,-0.09845620359643635,-2.22233559633705,1.5708014551883585,0.10760477730853277,0.0057996736527328695,0.35093994116018545,nan,nan,nan
1.517726131,-2.490053553800077,1.425143289333208,-1.5221593560128388,-0.09700794824761909,-2.222335596407624,1.570801791195108,-2.4900535530823595,1.4297384743293704,-1.527461317820612,-0.09771495960687601,-2.222335596373173,1.5708016271628544,0.10760477730853277,0.0057996736527328695,0.35093994116018545,nan,nan,nan
1.527546432,-2.4900535545354985,1.4204347552592782,-1.5167266111170115,-0.0962834970925841,-2.222335596442928,1.5708019592735325,-2.4900535538327935,1.424933820971498,-1.5219176697134995,-0.09697571961837544,-2.222335596409198,1.570801798672406,0.10760477730853277,0.0057996736527328695,0.35093994116018545,nan,nan,nan
1.5375071180000002,-2.490053555281072,1.4156612239766506,-1.5112188719133488,-0.09554904552082163,-2.22233559647872,1.5708021296721335,-2.4900535545827194,1.4201324206845787,-1.516377775026103,-0.09623698014468067,-2.2223355964451983,1.5708019700658342,0.10760477730853277,0.0057996736527328695,0.35093994116018545,nan,nan,nan
1.5476930100000001,-2.490053556042992,1.4107830295579107,-1.5055903715323073,-0.0947984905655738,-2.2223355965152964,1.5708023038068473,-2.4900535553313237,1.415339482936338,-1.510847644484637,-0.09549954271018318,-2.2223355964811353,1.5708021411571789,0.10760477730853277,0.0057996736527328695,0.35093994116018545,nan,nan,nan
1.5576488670000002,-2.490053556787067,1.4060190910946115,-1.5000937006015773,-0.09406551493705255,-2.222335596551016,1.5708024738630175,-2.490053556078532,1.4105554789417052,-1.5053278217807164,-0.09476347981561997,-2.2223355965170053,1.5708023119296195,0.10757725067871111,0.005778680447917597,0.354147999670175,nan,nan,nan
1.567536665,-2.4900535575253016,1.4012925452521023,-1.494640173580724,-0.09333829250621353,-2.222335596586455,1.5708026425844004,-2.490053556827197,1.4057621511931968,-1.4997972412537686,-0.09402598237600274,-2.2223355965529454,1.5708024830348857,0.10757725067871111,0.005778680447917597,0.354147999670175,nan,nan,nan
1.5776403010000002,-2.490053558278748,1.39646860316492,-1.4890742699809156,-0.09259608476979074,-2.222335596622625,1.570802814782493,-2.490053557573038,1.4009869048777912,-1.494287523231345,-0.0932912669307183,-2.22233559658875,1.5708026534947073,0.10757725067871111,0.005778680447917597,0.354147999670175,nan,nan,nan
1.5875104770000001,-2.490053559013764,1.391762668287593,-1.483644524059261,-0.09187203352499353,-2.2223355966579095,1.5708029827681353,-2.490053558244265,1.3966893625989723,-1.4893289840101056,-0.09263005063304103,-2.2223355966209764,1.5708028069021427,0.10757725067871111,0.005778680447917597,0.354147999670175,nan,nan,nan
1.5975558730000001,-2.4900535597606694,1.3869806034842458,-1.478126938810013,-0.09113626899279692,-2.2223355966937652,1.5708031534713534,-2.490053559008911,1.3917937238335054,-1.4836803562000063,-0.09187681170505962,-2.222335596657682,1.5708029816595594,0.10757725067871111,0.005778680447917597,0.354147999670175,nan,nan,nan
1.6076026010000002,-2.490053560506369,1.3822062632160352,-1.472618266192207,-0.09040169295118226,-2.222335596729563,1.5708033238988321,-2.4900535597808835,1.386851177482044,-1.4779776060358267,-0.09111635561472803,-2.222335596694739,1.5708031580914152,0.10748913130636162,0.005711477047949973,0.3573490786543383,nan,nan,nan
1.6175284120000002,-2.4900535612416763,1.3774984585154941,-1.467186362853326,-0.08967735401693314,-2.2223355967648617,1.5708034919512208,-2.4900535605391383,1.381996454955151,-1.4723761877144368,-0.09036941202533398,-2.222335596731139,1.5708033313882634,0.10748913130636162,0.005711477047949973,0.3573490786543383,nan,nan,nan
1.627538932,-2.4900535619817092,1.3727603977897784,-1.4617195498666107,-0.08894835991569565,-2.222335596800387,1.570803661083645,-2.4900535612111248,1.3776940497389731,-1.4674120375965303,-0.08970744752014485,-2.222335596763403,1.5708034849692887,0.10748913130636162,0.005711477047949973,0.3573490786543383,nan,nan,nan
1.637525096,-2.4900535627182574,1.3680446516970357,-1.4562784836848424,-0.08822279912541604,-2.222335596835746,1.5708038294195141,-2.490053561959036,1.3729055498422795,-1.4618870274842657,-0.08897069288981654,-2.222335596799306,1.5708036559022176,0.10748913130636162,0.005711477047949973,0.3573490786543383,nan,nan,nan
1.6475216400000001,-2.490053563453757,1.3633356163845936,-1.4508451604559445,-0.08749827085023845,-2.222335596871054,1.5708039975158312,-2.49005356272462,1.3680039072079837,-1.4562314723615082,-0.088216530211546,-2.2223355968360563,1.5708038308739516,0.10748913130636162,0.005711477047949973,0.3573490786543383,nan,nan,nan
1.6577347830000002,-2.490053564203196,1.358537336241984,-1.4453088658164213,-0.08676001143936549,-2.222335596907031,1.570804168797881,-2.4900535634865704,1.3631255243472389,-1.450602754554572,-0.08746594626277544,-2.222335596872632,1.5708040050153922,0.10733920537762368,0.005597137753536027,0.36056046475442455,nan,nan,nan
1.667566555,-2.490053564922583,1.353931457337212,-1.4399945652893757,-0.08605135472368236,-2.2223355969415652,1.5708043332118702,-2.4900535642305646,1.3583621025408257,-1.44510667974676,-0.08673305012665544,-2.222335596908347,1.5708041750531196,0.10733920537762368,0.005597137753536027,0.36056046475442455,nan,nan,nan
1.677534856,-2.490053565649793,1.3492755003145862,-1.434622484222805,-0.08533499303023934,-2.2223355969764755,1.5708044994134756,-2.4900535648917344,1.3541289468544264,-1.4402224302993207,-0.08608174029680286,-2.2223355969400935,1.5708043261621756,0.10733920537762368,0.005597137753536027,0.36056046475442455,nan,nan,nan
1.6876753820000001,-2.490053566387199,1.3445542563325834,-1.4291750745317093,-0.08460858633926914,-2.222335597011875,1.5708046679456003,-2.490053565694331,1.3489903385969595,-1.434293462313999,-0.08529111828390783,-2.222335596978616,1.5708045095927652,0.10733920537762368,0.005597137753536027,0.36056046475442455,nan,nan,nan
1.6975717860000001,-2.490053567104399,1.3399623821930486,-1.4238769328166558,-0.08390208438517267,-2.222335597046305,1.5708048318596677,-2.4900535663533034,1.344771252514773,-1.4294254464902918,-0.08464197319171714,-2.2223355970102583,1.570804660199585,0.10733920537762368,0.005597137753536027,0.36056046475442455,nan,nan,nan
1.707533835,-2.490053567823803,1.3353564007187624,-1.4185625139440707,-0.08319341188822897,-2.22233559708084,1.5708049962773185,-2.4900535670754587,1.3401476535815866,-1.4240907004503875,-0.08393059008713007,-2.2223355970449266,1.5708048252461182,0.10713577732618908,0.005441995840420443,0.36365422651603097,nan,nan,nan
1.717518807,-2.4900535685421636,1.330757098993624,-1.4132558022203603,-0.08248576713195989,-2.2223355971153254,1.570805160456525,-2.4900535678179896,1.3353936110792373,-1.4186054475598893,-0.0831991370429767,-2.222335597080568,1.570804994949037,0.10713577732618908,0.005441995840420443,0.36365422651603097,nan,nan,nan
1.727527454,-2.490053569259391,1.3261650508391427,-1.407957459725447,-0.08177923840406782,-2.222335597149756,1.570805324376804,-2.490053568571655,1.3305682767583964,-1.413037937589607,-0.08245671509864344,-2.222335597116743,1.5708051671968275,0.10713577732618908,0.005441995840420443,0.36365422651603097,nan,nan,nan
1.7375939500000002,-2.4900535699777766,1.3215655868420633,-1.4026505607710518,-0.08107156868077223,-2.2223355971842427,1.5708054885618035,-2.4900535692985053,1.325914618636312,-1.4076685090131746,-0.08174070711213482,-2.2223355971516354,1.57080533331637,0.10713577732618908,0.005441995840420443,0.36365422651603097,nan,nan,nan
1.7475125660000002,-2.4900535706825404,1.3170533386201342,-1.3974442920871064,-0.08037731790444667,-2.222335597218075,1.5708056496335003,-2.4900535699446,1.3217779752399759,-1.4028956162306627,-0.08110424658334986,-2.2223355971826617,1.5708054809802703,0.10713577732618908,0.005441995840420443,0.36365422651603097,nan,nan,nan
1.7574942820000001,-2.490053571388607,1.312532746975595,-1.3922283966943199,-0.07968178341602479,-2.2223355972519703,1.5708058110030285,-2.49005357065681,1.3172180551793609,-1.39763434339166,-0.08040266105738625,-2.2223355972168513,1.570805643753687,0.10687718908063237,0.005244786794432504,0.36671036320976513,nan,nan,nan
1.767655387,-2.4900535721039723,1.3079526245621136,-1.386943814216331,-0.0789770895727712,-2.2223355972863117,1.5708059744976,-2.4900535714355634,1.3122321112686868,-1.3918815207708715,-0.079635527854509,-2.222335597254226,1.5708058217346863,0.10687718908063237,0.005244786794432504,0.36671036320976513,nan,nan,nan
1.777621593,-2.490053572802138,1.3034826186148816,-1.3817862850123694,-0.0782893381578637,-2.2223355973198275,1.5708061340613932,-2.4900535721386947,1.307730309533561,-1.3866873053283275,-0.07894288436599503,-2.2223355972879806,1.57080598243348,0.10687718908063237,0.005244786794432504,0.36671036320976513,nan,nan,nan
1.7875416430000002,-2.490053573493544,1.299055894119339,-1.3766786942992542,-0.07760824599128612,-2.2223355973530188,1.5708062920801882,-2.490053572768666,1.3036968982157264,-1.3820335225572893,-0.07832230703936176,-2.222335597318234,1.5708061264123507,0.10687718908063237,0.005244786794432504,0.36671036320976513,nan,nan,nan
1.797536934,-2.4900535741865286,1.2946190594954783,-1.371559438437888,-0.07692559828873431,-2.222335597386286,1.5708064504598798,-2.4900535734703477,1.2992043839887695,-1.3768500231171898,-0.07763109251916869,-2.222335597351918,1.570806286779612,0.10687718908063237,0.005244786794432504,0.36671036320976513,nan,nan,nan
1.8075389880000001,-2.4900535748761756,1.2902035950195003,-1.3664648396268924,-0.07624623857944622,-2.222335597419393,1.5708066080767307,-2.4900535742000662,1.2945323818191525,-1.371459429029632,-0.07691226213269457,-2.2223355973869388,1.5708064535539739,0.10657427326155344,0.005013771971417544,0.36964383515646543,nan,nan,nan
1.8176162550000001,-2.490053575567046,1.2857802966329228,-1.3613612019861558,-0.07556567355115792,-2.2223355974525583,1.5708067659732252,-2.4900535749076758,1.290001915929542,-1.3662321406526177,-0.0762152084010997,-2.2223355974209054,1.5708066152759783,0.10657427326155344,0.005013771971417544,0.36964383515646543,nan,nan,nan
1.827496459,-2.490053576240403,1.2814691290857354,-1.3563869418195535,-0.07490236088099972,-2.222335597484883,1.5708069198670358,-2.4900535756009305,1.2855633532653459,-1.361110890964262,-0.07553229482369173,-2.222335597454186,1.570806773717355,0.10657427326155344,0.005013771971417544,0.36964383515646543,nan,nan,nan
1.8376336080000002,-2.4900535769270835,1.2770726581054341,-1.3513142578582908,-0.07422592349523421,-2.222335597517848,1.5708070768058844,-2.490053576283527,1.2811930263007698,-1.3560683721808966,-0.07485987993454385,-2.2223355974869543,1.5708069297229525,0.10657427326155344,0.005013771971417544,0.36964383515646543,nan,nan,nan
1.8475394410000001,-2.490053577593833,1.2728037971659625,-1.346388811399632,-0.07356912008471905,-2.222335597549855,1.5708072291894948,-2.4900535769652326,1.2768284099289153,-1.3510324423258382,-0.07418834367246532,-2.22233559751968,1.5708070855247016,0.10657427326155344,0.005013771971417544,0.36964383515646543,nan,nan,nan
1.857705635,-2.4900535782736664,1.268451162025471,-1.3413667055867364,-0.07289942724498075,-2.222335597582491,1.570807384563555,-2.49005357763587,1.2725346520790912,-1.3460782696095985,-0.07352770964393175,-2.2223355975518744,1.5708072387970458,0.1062277228476433,0.004749479857162012,0.3724944066243093,nan,nan,nan
1.867538189,-2.4900535789267337,1.2642698998237183,-1.3365423312638534,-0.0722561017037395,-2.222335597613842,1.570807533820193,-2.4900535782369984,1.2686859030324282,-1.3416375516683776,-0.0729355443014917,-2.2223355975807446,1.570807376184111,0.1062277228476433,0.004749479857162012,0.3724944066243093,nan,nan,nan
1.8775239920000002,-2.4900535795854446,1.26005250630374,-1.3316762683322467,-0.07160721702778444,-2.2223355976454635,1.570807684366594,-2.4900535789198983,1.2643136490158282,-1.3365928094367534,-0.07226283291771408,-2.222335597613522,1.5708075322584976,0.1062277228476433,0.004749479857162012,0.3724944066243093,nan,nan,nan
1.8875161980000001,-2.490053580239877,1.255862501869783,-1.3268418071507706,-0.07096254641393279,-2.2223355976768797,1.570807833935299,-2.4900535796048944,1.2599279752678383,-1.331532583409952,-0.07158805678517209,-2.222335597646399,1.5708076888119225,0.1062277228476433,0.004749479857162012,0.3724944066243093,nan,nan,nan
1.8975651910000002,-2.490053580893185,1.2516796962501213,-1.3220156520197557,-0.07031898340368962,-2.222335597708242,1.5708079832470316,-2.4900535802739596,1.2556442920567894,-1.3265900348938573,-0.07092897283221969,-2.222335597678515,1.5708078417246367,0.1062277228476433,0.004749479857162012,0.3724944066243093,nan,nan,nan
1.9076097250000001,-2.4900535815412352,1.247530557327956,-1.3172283417980297,-0.06968060032365506,-2.2223355977393524,1.5708081313569788,-2.4900535809275235,1.251459845467766,-1.321761986399048,-0.07028515734378848,-2.2223355977098898,1.570807991094946,0.10584218573247672,0.0044554551030356535,0.37525506923117896,nan,nan,nan
1.9176259560000002,-2.490053582182404,1.2434254737212092,-1.3124918629574118,-0.0690489955579831,-2.222335597770132,1.5708082778943036,-2.4900535815740708,1.2473203266606594,-1.3169857759442842,-0.06964825440669363,-2.222335597740929,1.5708081388614885,0.10584218573247672,0.0044554551030356535,0.37525506923117896,nan,nan,nan
1.9274895490000001,-2.4900535828087516,1.2394152851114841,-1.307864874735873,-0.06843199125800178,-2.2223355978002,1.570808421044204,-2.4900535822146312,1.2432191408421205,-1.3122537944033907,-0.06901724935148833,-2.2223355977716786,1.5708082852596756,0.10584218573247672,0.0044554551030356535,0.37525506923117896,nan,nan,nan
1.9375195260000002,-2.490053583440467,1.2353707274276884,-1.3031982311972439,-0.06780969896073359,-2.2223355978305257,1.5708085654209618,-2.4900535827857966,1.23956222738881,-1.3080344179294328,-0.06845459967465263,-2.222335597799113,1.5708084157988718,0.10584218573247672,0.0044554551030356535,0.37525506923117896,nan,nan,nan
1.947591872,-2.490053584069459,1.2313436045921007,-1.298551704128226,-0.06719008917477863,-2.222335597860721,1.5708087091753558,-2.4900535834788746,1.2351248265287478,-1.302914508740218,-0.06777186485145695,-2.22233559783237,1.5708085741987758,0.10584218573247672,0.0044554551030356535,0.37525506923117896,nan,nan,nan
1.9575112300000002,-2.490053584683493,1.2274122567354069,-1.2940156830085259,-0.06658521524779673,-2.222335597890198,1.5708088495109134,-2.490053584041163,1.2315247411935255,-1.2987607010109332,-0.06721795870183149,-2.2223355978593786,1.5708087027094038,0.1054351811345919,0.004145058502797356,0.37784387633143485,nan,nan,nan
1.967547138,-2.490053585299223,1.2234700463492159,-1.2894671286139774,-0.06597867002101805,-2.2223355979197565,1.570808990234226,-2.4900535846783725,1.2274450259326009,-1.2940534923740206,-0.06659025708884236,-2.2223355978899595,1.570808848341166,0.1054351811345919,0.004145058502797356,0.37784387633143485,nan,nan,nan
1.9775296150000001,-2.4900535859060495,1.2195848381246228,-1.2849843437769193,-0.0653808950996382,-2.2223355979488875,1.5708091289227577,-2.4900535853145387,1.2233719845572548,-1.28935398412054,-0.06596358231436439,-2.222335597920493,1.5708089937346936,0.1054351811345919,0.004145058502797356,0.37784387633143485,nan,nan,nan
1.9876099370000002,-2.490053586513059,1.2156984615459674,-1.2805002108834451,-0.06478294041626942,-2.2223355979780273,1.5708092676529959,-2.4900535859361543,1.2193920946630605,-1.2847619548033258,-0.06535123974967201,-2.2223355979503316,1.5708091358030345,0.1054351811345919,0.004145058502797356,0.37784387633143485,nan,nan,nan
1.9976668450000001,-2.4900535871127745,1.2118587856958958,-1.2760699616702975,-0.06419217106834313,-2.222335598006817,1.5708094047161791,-2.490053586542216,1.21551178594367,-1.280284823055204,-0.06475421866210641,-2.222335597979426,1.5708092743166708,0.1054351811345919,0.004145058502797356,0.37784387633143485,nan,nan,nan
2.007506352,-2.4900535876937187,1.2081392910191127,-1.2717783784719872,-0.06361989269625673,-2.2223355980347055,1.570809537489309,-2.4900535870800247,1.2120684343639425,-1.2763118560072844,-0.0642244274383656,-2.2223355980052597,1.5708093972324448,0.10499762011573682,0.0038113584951668146,0.38035443006215014,nan,nan,nan
2.0175310790000003,-2.490053588279667,1.2043877571548507,-1.2674498281986786,-0.06304268480130588,-2.222335598062834,1.5708096714061273,-2.490053587687303,1.2081803500259738,-1.2718257526872667,-0.0636262100005559,-2.222335598034406,1.5708095360236438,0.10499762011573682,0.0038113584951668146,0.38035443006215014,nan,nan,nan
2.0275152000000003,-2.4900535888571698,1.200690292670229,-1.2631836636151936,-0.06247379597634949,-2.2223355980905577,1.5708098033928553,-2.490053588294569,1.2042923431701884,-1.2673397387668266,-0.06302800448408945,-2.2223355980635504,1.5708096748120774,0.10499762011573682,0.0038113584951668146,0.38035443006215014,nan,nan,nan
2.037693016,-2.490053589439591,1.1969613451114252,-1.2588811736047543,-0.06190006319166023,-2.222335598118517,1.5708099365034205,-2.4900535888854596,1.2005091753612576,-1.26297468899098,-0.06244592941659464,-2.222335598091914,1.5708098098581182,0.10499762011573682,0.0038113584951668146,0.38035443006215014,nan,nan,nan
2.047633203,-2.490053590002135,1.1933596541891485,-1.2547255133361614,-0.06134591000772785,-2.222335598145522,1.5708100650713623,-2.4900535894621303,1.1968170396414268,-1.2587146727796328,-0.06187786047097789,-2.222335598119597,1.570809941654628,0.10499762011573682,0.0038113584951668146,0.38035443006215014,nan,nan,nan
2.057763619,-2.4900535905690506,1.1897299786062656,-1.2505375641386405,-0.060787451127079443,-2.2223355981727373,1.5708101946382604,-2.490053590029418,1.1931849803355865,-1.2545239732231777,-0.06131903483268894,-2.2223355981468305,1.5708100713066164,0.10499762011573682,0.0038113584951668146,0.38035443006215014,nan,nan,nan
2.067611953,-2.4900535911138353,1.1862419968386781,-1.2465131024172065,-0.06025079313956262,-2.22233559819889,1.570810319147178,-2.4900535905887935,1.189603578119071,-1.2503917222282432,-0.06076800325223001,-2.2223355981736836,1.5708101991503216,0.10454618965473138,0.0034670811760178083,0.3827187038823324,nan,nan,nan
2.0775387650000003,-2.4900535916566167,1.1827668387575703,-1.2425034367694918,-0.05971610819383249,-2.222335598224946,1.5708104431983343,-2.490053591086944,1.1864141406003132,-1.2467117232882454,-0.06027727903573124,-2.222335598197614,1.5708103130022393,0.10454618965473138,0.0034670811760178083,0.3827187038823324,nan,nan,nan
2.087631801,-2.4900535922018956,1.179275691002925,-1.2384753221064502,-0.05917896309016761,-2.2223355982511226,1.5708105678202666,-2.490053591688171,1.1825648163850615,-1.242270341712993,-0.05968502519830609,-2.22233559822646,1.5708104504098361,0.10454618965473138,0.0034670811760178083,0.3827187038823324,nan,nan,nan
2.097663722,-2.490053592737175,1.1758485674763892,-1.2345210791183314,-0.058651668701242436,-2.222335598276819,1.570810690156755,-2.4900535922278926,1.1791092493587567,-1.2382832803835895,-0.059153354516050576,-2.22233559825237,1.5708105737616591,0.10454618965473138,0.0034670811760178083,0.3827187038823324,nan,nan,nan
2.107573462,-2.4900535932592964,1.1725056832426237,-1.230664032111093,-0.058137335300172156,-2.2223355983018838,1.570810809486191,-2.4900535927609155,1.1756965705345894,-1.2343457038105012,-0.058628282577074496,-2.2223355982779576,1.5708106955825214,0.10454618965473138,0.0034670811760178083,0.3827187038823324,nan,nan,nan
2.117505223,-2.4900535937759174,1.1691980196663674,-1.2268476229848402,-0.05762842092031167,-2.222335598326685,1.5708109275583713,-2.490053593235488,1.1726580910056161,-1.230839881426437,-0.058160784631926934,-2.2223355983007558,1.5708108040457596,0.10409688194814097,0.0031244227721182252,0.3848918649644957,nan,nan,nan
2.1275515510000003,-2.490053594291662,1.1658959626353207,-1.2230376827360323,-0.05712036915885621,-2.2223355983514432,1.5708110454304172,-2.490053593757826,1.169313825497766,-1.226981240693935,-0.05764623870916785,-2.2223355983258295,1.5708109234245027,0.10409688194814097,0.0031244227721182252,0.3848918649644957,nan,nan,nan
2.137523197,-2.4900535947966786,1.1626625967930169,-1.219306998939269,-0.056622886166840275,-2.222335598375687,1.5708111608504245,-2.4900535942987125,1.1658508240811654,-1.2229856015046363,-0.0571134241777581,-2.222335598351782,1.5708110470417078,0.10409688194814097,0.0031244227721182252,0.3848918649644957,nan,nan,nan
2.14754049,-2.490053595297049,1.1594589751306483,-1.215610634219141,-0.05612997958972785,-2.2223355983997073,1.5708112752086671,-2.4900535948195293,1.1625162989657882,-1.2191381993161714,-0.0566003769037191,-2.2223355983767807,1.570811166072752,0.10409688194814097,0.0031244227721182252,0.3848918649644957,nan,nan,nan
2.157541242,-2.490053595789566,1.1563056345542277,-1.211972284224775,-0.05564480921887822,-2.2223355984233506,1.5708113877720484,-2.4900535953232956,1.1592909351392102,-1.2154167483102083,-0.05610412509521884,-2.2223355984009645,1.5708112812071149,0.10409688194814097,0.0031244227721182252,0.3848918649644957,nan,nan,nan
2.1676401690000002,-2.490053596279756,1.1531671962242314,-1.2083511285634922,-0.055161931695327855,-2.2223355984468824,1.570811499803471,-2.490053595816587,1.1561326411304902,-1.2117726830053825,-0.05561819259337552,-2.222335598424645,1.570811393947317,0.1036396674893772,0.002775734412805507,0.38695311865932147,nan,nan,nan
2.177618438,-2.4900535967569244,1.1501121254796878,-1.2048261631000996,-0.05469188103946609,-2.222335598469789,1.5708116088589583,-2.4900535963027064,1.1530202587451026,-1.2081815909048224,-0.05513932401589538,-2.2223355984479825,1.5708115050486322,0.1036396674893772,0.002775734412805507,0.38695311865932147,nan,nan,nan
2.187506898,-2.4900535972227256,1.1471298327698105,-1.201385169524805,-0.05423302795177467,-2.2223355984921502,1.5708117153165209,-2.490053596780325,1.1499623089925652,-1.2046533036185996,-0.05466883039824642,-2.222335598470911,1.5708116142068902,0.1036396674893772,0.002775734412805507,0.38695311865932147,nan,nan,nan
2.197472704,-2.4900535976850287,1.1441699377268377,-1.1979700185596822,-0.05377762095057307,-2.222335598514343,1.570811820974564,-2.490053597204096,1.147249086024345,-1.2015227648987379,-0.05425137615830039,-2.222335598491269,1.570811711059591,0.1036396674893772,0.002775734412805507,0.38695311865932147,nan,nan,nan
2.20747589,-2.4900535981418006,1.1412454574620385,-1.1945957294535459,-0.05332766283782602,-2.222335598536271,1.5708119253684216,-2.4900535976683185,1.1442768969370363,-1.1980934289653025,-0.05379407760561503,-2.2223355985135558,1.570811817156489,0.1036396674893772,0.002775734412805507,0.38695311865932147,nan,nan,nan
2.217530383,-2.4900535985935366,1.138353218287821,-1.1912586403798489,-0.05288266531258767,-2.2223355985579567,1.5708120286113836,-2.4900535981277248,1.1413355530676352,-1.1946996824950789,-0.05334152487262086,-2.222335598535608,1.5708119221523194,0.10319773524721348,0.0024387008445996526,0.3888250447392374,nan,nan,nan
2.227694934,-2.4900535990426653,1.1354776695736744,-1.1879408088946783,-0.052440235767719966,-2.2223355985795177,1.570812131258554,-2.4900535986006287,1.1383078122633534,-1.1912062505390284,-0.052875679178724946,-2.222335598558296,1.570812030232222,0.10319773524721348,0.0024387008445996526,0.3888250447392374,nan,nan,nan
2.237501048,-2.4900535994686326,1.1327504173992904,-1.1847940831627666,-0.05202062300570481,-2.222335598599966,1.570812228612049,-2.4900535990092267,1.135691740011682,-1.188187805105791,-0.05247317246760568,-2.222335598577924,1.5708121236169776,0.10319773524721348,0.0024387008445996526,0.3888250447392374,nan,nan,nan
2.24748596,-2.4900535998950417,1.130020332100353,-1.1816440885487116,-0.05160057434149106,-2.222335598620436,1.5708123260666769,-2.490053599492365,1.132598475265908,-1.1846187710933327,-0.0519972453143073,-2.222335598601102,1.570812234035859,0.10319773524721348,0.0024387008445996526,0.3888250447392374,nan,nan,nan
2.25771898,-2.4900536003243534,1.1272716638273206,-1.1784726527480622,-0.05117766651626548,-2.222335598641046,1.570812424184653,-2.490053599920006,1.129860497977405,-1.1814596706375489,-0.05157598239511241,-2.2223355986216315,1.5708123317722036,0.10319773524721348,0.0024387008445996526,0.3888250447392374,nan,nan,nan
2.267542197,-2.4900536007289897,1.124680981519576,-1.1754835024386194,-0.050779066280883106,-2.2223355986604703,1.5708125166630749,-2.490053600298039,1.1274401185340321,-1.1786670171575349,-0.05120358481749382,-2.2223355986397944,1.570812418171401,0.10276303595137584,0.0021071833982675182,0.3905676263432527,nan,nan,nan
2.2775486590000003,-2.4900536011337238,1.1220896709988781,-1.1724936272919635,-0.0503803693891758,-2.2223355986798996,1.570812609163922,-2.4900536007124465,1.1247868776081344,-1.175605686205853,-0.050795359364906104,-2.2223355986596878,1.5708125128829502,0.10276303595137584,0.0021071833982675182,0.3905676263432527,nan,nan,nan
2.287526287,-2.490053601529736,1.119554204578984,-1.169568185522839,-0.04999026462459211,-2.2223355986989106,1.5708126996713274,-2.4900536011327823,1.1220956971313252,-1.1725005802919222,-0.05038129656440592,-2.222335598679857,1.57081260894881,0.10276303595137584,0.0021071833982675182,0.3905676263432527,nan,nan,nan
2.2974608240000003,-2.4900536019165145,1.117077854398726,-1.166710952551634,-0.049609255435704276,-2.222335598717478,1.5708127880684868,-2.4900536015439525,1.1194631904008965,-1.1694631726235776,-0.0499762612579603,-2.2223355986995887,1.5708127029202195,0.10276303595137584,0.0021071833982675182,0.3905676263432527,nan,nan,nan
2.307589407,-2.490053602303144,1.1146024617113608,-1.1638548243435127,-0.04922839356588029,-2.2223355987360383,1.570812876431467,-2.4900536019386736,1.1169359867313802,-1.166547264483013,-0.049587427793310504,-2.222335598718538,1.570812793132673,0.10276303595137584,0.0021071833982675182,0.3905676263432527,nan,nan,nan
2.3175525770000003,-2.4900536026757822,1.1122166448098456,-1.1611020494053743,-0.048861313752319085,-2.222335598753927,1.5708129615969006,-2.4900536022830866,1.1147308569425474,-1.1640029678044368,-0.049248148349361524,-2.222335598735086,1.5708128718482002,0.10234710883175852,0.0017899823061154861,0.3921550664302293,nan,nan,nan
2.327519585,-2.4900536030409626,1.109878577820529,-1.1584043687041468,-0.04850158070072284,-2.2223355987714575,1.5708130450578273,-2.4900536026685023,1.112263247883759,-1.1611558204102828,-0.048868484062176885,-2.222335598753581,1.5708129599333316,0.10234710883175852,0.0017899823061154861,0.3921550664302293,nan,nan,nan
2.3375591300000003,-2.4900536034011145,1.1075727038549419,-1.1557438325754343,-0.04814680084110928,-2.222335598788747,1.5708131273695738,-2.490053603044288,1.1098572845140378,-1.1583798003133474,-0.04849830452968924,-2.2223355987716182,1.5708130458179248,0.10234710883175852,0.0017899823061154861,0.3921550664302293,nan,nan,nan
2.347621047,-2.4900536037543097,1.105311371690035,-1.1531346891384804,-0.047798874146077995,-2.2223355988057025,1.5708132080913317,-2.4900536034135645,1.1074930020738305,-1.1556518720117703,-0.04813453799051116,-2.222335598789341,1.5708131302146529,0.10234710883175852,0.0017899823061154861,0.3921550664302293,nan,nan,nan
2.357551867,-2.490053604095249,1.103128509851762,-1.1506160854023766,-0.04746302083054733,-2.222335598822069,1.57081328601197,-2.4900536037328878,1.1054485116321713,-1.1532929223179997,-0.047819974383544586,-2.222335598804683,1.570813203195909,0.10234710883175852,0.0017899823061154861,0.3921550664302293,nan,nan,nan
2.367608574,-2.4900536044328074,1.1009672905181223,-1.1481224529640763,-0.047130497412864514,-2.222335598838274,1.5708133631600452,-2.490053604078512,1.1032356515905746,-1.1507397064110056,-0.047479505569282814,-2.2223355988212754,1.5708132821873795,0.10195680212809317,0.0014923202809634245,0.3935817276060733,nan,nan,nan
2.3775346450000003,-2.4900536047583297,1.0988831364529548,-1.1457177390590954,-0.04680983119359654,-2.222335598853901,1.570813437557156,-2.490053604429694,1.1009872243197585,-1.1481454527458166,-0.04713356441056001,-2.2223355988381255,1.570813362448477,0.10195680212809317,0.0014923202809634245,0.3935817276060733,nan,nan,nan
2.387606581,-2.4900536050809223,1.0968177385572524,-1.1433346661749344,-0.046492050783036684,-2.222335598869387,1.5708135112847366,-2.49005360476857,1.0988175814933285,-1.1456421012130764,-0.04679974496124014,-2.222335598854388,1.5708134398972418,0.10195680212809317,0.0014923202809634245,0.3935817276060733,nan,nan,nan
2.3975446540000003,-2.4900536053915623,1.0948288659196512,-1.1410398887557365,-0.046186044485343046,-2.2223355988842997,1.5708135822806293,-2.490053605093024,1.0967402614528403,-1.1432452724613307,-0.046480130219352454,-2.222335598869964,1.5708135140504018,0.10195680212809317,0.0014923202809634245,0.3935817276060733,nan,nan,nan
2.407518826,-2.490053605695717,1.0928815142842148,-1.1387930186064108,-0.045886426574672706,-2.222335598898901,1.5708136517943654,-2.490053605406923,1.0947305268393623,-1.1409264243247492,-0.04617091411532067,-2.2223355988850333,1.570813585790995,0.10195680212809317,0.0014923202809634245,0.3935817276060733,nan,nan,nan
2.4176463470000003,-2.4900536059967786,1.0909539671504629,-1.1365689990521426,-0.04558985576823793,-2.2223355989133533,1.5708137206011492,-2.490053605711765,1.092778775645149,-1.138674477928737,-0.04587061929217819,-2.2223355988996674,1.5708136554617806,0.10159797669669597,0.0012186670213343472,0.3948448408596896,nan,nan,nan
2.42755256,-2.4900536062836296,1.089117406905682,-1.134449960910111,-0.04530728412922406,-2.2223355989271236,1.5708137861600149,-2.490053606008554,1.090878581351911,-1.1364820183042361,-0.04557825697114341,-2.222335598913915,1.5708137232921622,0.10159797669669597,0.0012186670213343472,0.3948448408596896,nan,nan,nan
2.437551839,-2.4900536065656,1.0873120893240165,-1.1323669708067912,-0.04502951946049546,-2.22233559894066,1.570813850603625,-2.490053606298284,1.0890235851955268,-1.1343417086575072,-0.04529284879803104,-2.222335598927824,1.5708137895091263,0.10159797669669597,0.0012186670213343472,0.3948448408596896,nan,nan,nan
2.447625588,-2.4900536068419927,1.0855424862628202,-1.1303251884075554,-0.04475724979832291,-2.222335598953928,1.5708139137723502,-2.4900536065796586,1.0872220856540635,-1.1322631238400154,-0.04501567156980685,-2.222335598941332,1.5708138538164458,0.10159797669669597,0.0012186670213343472,0.3948448408596896,nan,nan,nan
2.4575915640000003,-2.490053607107834,1.0838404377775759,-1.1283613510272845,-0.04449537402728665,-2.2223355989666898,1.5708139745296101,-2.490053606853174,1.085470902345688,-1.1302425943013383,-0.044746235955556116,-2.2223355989544618,1.570813916327649,0.10159797669669597,0.0012186670213343472,0.3948448408596896,nan,nan,nan
2.467671616,-2.490053607369107,1.0821676384971697,-1.126431261617358,-0.044237998514695225,-2.2223355989792326,1.5708140342427743,-2.490053607119897,1.0837632082341566,-1.1282722429515553,-0.044483491553133005,-2.2223355989672666,1.5708139772864385,0.10127985392573116,0.0009760550889992212,0.3959291571093048,nan,nan,nan
2.4776375120000003,-2.490053607619882,1.0805620498826365,-1.1245787204201518,-0.043990963979520084,-2.222335598991271,1.5708140915567497,-2.490053607378605,1.0821068365261903,-1.1263611078082705,-0.04422864357323803,-2.2223355989796856,1.5708140364131948,0.10127985392573116,0.0009760550889992212,0.3959291571093048,nan,nan,nan
2.487622413,-2.4900536078636795,1.0790011374497024,-1.1227777269645012,-0.043750803284664186,-2.2223355990029745,1.5708141472759392,-2.490053607629677,1.0804993425336447,-1.1245063681704224,-0.04398131587817889,-2.2223355989917377,1.5708140937951856,0.10127985392573116,0.0009760550889992212,0.3959291571093048,nan,nan,nan
2.4976904120000003,-2.4900536081020004,1.0774752887685033,-1.1210171903506778,-0.04351603746962558,-2.2223355990144156,1.5708142017434736,-2.490053607874032,1.0789348620011605,-1.1227012578124973,-0.04374060619848079,-2.222335599003469,1.5708141496417443,0.10127985392573116,0.0009760550889992212,0.3959291571093048,nan,nan,nan
2.507558784,-2.4900536083282683,1.0760266091188746,-1.1193456919928801,-0.04329314481790624,-2.2223355990252776,1.57081425345634,-2.4900536080869555,1.0775716031511693,-1.1211283186677645,-0.043530856320300126,-2.2223355990136997,1.5708141983053825,0.10127985392573116,0.0009760550889992212,0.3959291571093048,nan,nan,nan
2.517545299,-2.490053608549967,1.074607182322511,-1.117707945815011,-0.04307475298597563,-2.22233559903592,1.5708143041249807,-2.4900536083231315,1.0760594918053903,-1.1193836323032522,-0.043298204120312045,-2.222335599025034,1.570814252282542,0.10099703230668623,0.0007603650960574977,0.3968671624783092,nan,nan,nan
2.527515282,-2.490053608764018,1.0732367221563583,-1.1161266977331878,-0.04286389511923618,-2.222335599046196,1.5708143530456813,-2.4900536085533664,1.074585423652719,-1.1176828404842567,-0.043071405214521186,-2.2223355990360814,1.57081430490169,0.10099703230668623,0.0007603650960574977,0.3968671624783092,nan,nan,nan
2.5375635140000004,-2.490053608972458,1.0719021842106728,-1.114586897001395,-0.042658564215602573,-2.222335599056202,1.5708144006840825,-2.490053608750999,1.0733200687897997,-1.1162228637557965,-0.04287671876274596,-2.2223355990455747,1.570814350070494,0.10099703230668623,0.0007603650960574977,0.3968671624783092,nan,nan,nan
2.547548405,-2.4900536091723646,1.0706222837675015,-1.1131101374642165,-0.042461639792878494,-2.222335599065799,1.5708144463721134,-2.4900536089806127,1.0718499811850637,-1.1145266647253853,-0.04265053230076016,-2.2223355990565894,1.5708144025475503,0.10099703230668623,0.0007603650960574977,0.3968671624783092,nan,nan,nan
2.5577036790000003,-2.490053609368405,1.0693671347541287,-1.1116619363279736,-0.042268523604654745,-2.22233559907521,1.5708144911766035,-2.490053609181124,1.0705662083671112,-1.1130454372106977,-0.042453012077658586,-2.222335599066216,1.5708144483738118,0.10099703230668623,0.0007603650960574977,0.3968671624783092,nan,nan,nan
2.567546913,-2.4900536095513925,1.0681955555684546,-1.1103101587383688,-0.04208826540094418,-2.222335599083994,1.5708145329979393,-2.490053609373975,1.0693314801833274,-1.1116207977936596,-0.04226303782137158,-2.2223355990754743,1.5708144924493488,0.10074853901226842,0.0005708551276695818,0.3976723733120977,nan,nan,nan
2.57764047,-2.490053609732022,1.0670390791752549,-1.1089758068735098,-0.04191033090038213,-2.2223355990926654,1.5708145742801574,-2.4900536095595487,1.068143344251704,-1.1102499168959687,-0.04208023221043443,-2.2223355990843823,1.5708145348617033,0.10074853901226842,0.0005708551276695818,0.3976723733120977,nan,nan,nan
2.587578864,-2.4900536099029327,1.0659448209052196,-1.1077132427850036,-0.041741969228747865,-2.22233559910087,1.5708146133414032,-2.490053609738173,1.0669997003662552,-1.108930371282881,-0.041904272108893144,-2.2223355990929576,1.570814575685845,0.10074853901226842,0.0005708551276695818,0.3976723733120977,nan,nan,nan
2.597544359,-2.4900536100675015,1.064891169010399,-1.1064975306623583,-0.041579855220391426,-2.2223355991087703,1.570814650953141,-2.490053609893018,1.066008291303434,-1.1077864754458078,-0.041751734731157356,-2.222335599100398,1.5708146110757286,0.10074853901226842,0.0005708551276695818,0.3976723733120977,nan,nan,nan
2.607538308,-2.4900536102257718,1.0638778447266177,-1.1053283488652017,-0.041423945984887564,-2.2223355991163682,1.5708146871253226,-2.4900536100627693,1.0649214662970565,-1.1065324879173593,-0.04158451673531095,-2.222335599108544,1.5708146498716324,0.10074853901226842,0.0005708551276695818,0.3976723733120977,nan,nan,nan
2.617556783,-2.490053610377709,1.0629050670589015,-1.1042059500833132,-0.04127427521816825,-2.222335599123662,1.5708147218501298,-2.490053610227645,1.0638658554496374,-1.1053145155392978,-0.04142210132412252,-2.222335599116455,1.5708146875532984,0.100540834297308,0.00041245200634620893,0.3983325238376807,nan,nan,nan
2.627546894,-2.4900536105225926,1.061977449478651,-1.1031356573775033,-0.04113155274512426,-2.2223355991306173,1.5708147549628777,-2.4900536103676982,1.0629691519737732,-1.1042798917784384,-0.04128413526959938,-2.2223355991231837,1.5708147195625193,0.100540834297308,0.00041245200634620893,0.3983325238376807,nan,nan,nan
2.637531686,-2.4900536106608846,1.0610920342946424,-1.102114058139591,-0.04099532349783216,-2.222335599137256,1.5708147865691457,-2.4900536105163433,1.0620174538646319,-1.1031818147626191,-0.041137707786311595,-2.222335599130319,1.570814753534859,0.100540834297308,0.00041245200634620893,0.3983325238376807,nan,nan,nan
2.647559789,-2.4900536107933244,1.0602440890177676,-1.1011356919851674,-0.04086485933943523,-2.222335599143614,1.570814816837867,-2.4900536106601456,1.0610967694253175,-1.1021195215712023,-0.04099605204058823,-2.2223355991372196,1.5708147864001176,0.100540834297308,0.00041245200634620893,0.3983325238376807,nan,nan,nan
2.657529061,-2.4900536109186597,1.059441631059555,-1.1002098094688375,-0.04074139382223472,-2.2223355991496305,1.570814845482848,-2.4900536107823004,1.0603146672355797,-1.1012171257060144,-0.04087571844508228,-2.2223355991430873,1.570814814318468,0.100540834297308,0.00041245200634620893,0.3983325238376807,nan,nan,nan
2.6677919880000003,-2.490053611041261,1.0586566728545965,-1.0993041183100887,-0.04062062080258409,-2.222335599155516,1.5708148735031486,-2.4900536109236127,1.0594099273102335,-1.1001732294244662,-0.04073651590907262,-2.222335599149865,1.5708148466145626,0.10036838524512601,0.00028093612881634894,0.3988720836599961,nan,nan,nan
2.67753854,-2.490053611151637,1.057949993589639,-1.0984887460287367,-0.04051189171584514,-2.222335599160815,1.5708148987291606,-2.490053611031501,1.0587191638324096,-1.0993762209076792,-0.04063023561217701,-2.2223355991550497,1.5708148712724361,0.10036838524512601,0.00028093612881634894,0.3988720836599961,nan,nan,nan
2.687575019,-2.4900536112593703,1.0572602293750266,-1.0976928904699954,-0.0404057651647505,-2.2223355991659868,1.5708149233513637,-2.4900536111485447,1.0579697966348147,-1.0985115949426005,-0.04051493859545388,-2.2223355991606657,1.57081489802226,0.10036838524512601,0.00028093612881634894,0.3988720836599961,nan,nan,nan
2.6975769130000002,-2.4900536113608127,1.056610746594392,-1.096943511957274,-0.04030583628174395,-2.2223355991708567,1.5708149465356587,-2.4900536112595395,1.057259154367373,-1.0976916501167722,-0.04040559976442951,-2.222335599165992,1.5708149233897377,0.10036838524512601,0.00028093612881634894,0.3988720836599961,nan,nan,nan
2.707462998,-2.490053611455378,1.0560052913584066,-1.0962449327835215,-0.0402126814403125,-2.222335599175396,1.570814968148322,-2.490053611362875,1.0565975471845803,-1.0969282823702695,-0.040303805430942176,-2.2223355991709526,1.5708149470068318,0.10036838524512601,0.00028093612881634894,0.3988720836599961,nan,nan,nan
2.7175752,-2.4900536115464162,1.0554224198252808,-1.0955724108697382,-0.0401230013087089,-2.2223355991797664,1.5708149889548253,-2.490053611449649,1.0560419682827527,-1.0962872509163517,-0.04021832452100543,-2.222335599175122,1.5708149668390825,0.10023504397619874,0.00017924526051629405,0.3992841538216524,nan,nan,nan
2.7275265990000004,-2.4900536116304615,1.054884319728692,-1.0949515466034323,-0.04004020967327046,-2.222335599183801,1.5708150081631427,-2.4900536115402794,1.0554617069296013,-1.0956177406494438,-0.04012904598953208,-2.222335599179473,1.5708149875524113,0.10023504397619874,0.00017924526051629405,0.3992841538216524,nan,nan,nan
2.737530536,-2.4900536117095684,1.0543778384022842,-1.0943671643312283,-0.03996228287563908,-2.2223355991875984,1.570815026242779,-2.490053611625327,1.0549171952275762,-1.0949894786206582,-0.04004526786978812,-2.2223355991835554,1.570815006989601,0.10023504397619874,0.00017924526051629405,0.3992841538216524,nan,nan,nan
2.747530336,-2.490053611783378,1.0539052731147063,-1.0938219146603703,-0.03988957437166736,-2.2223355991911418,1.5708150431117296,-2.490053611707707,1.0543897599229746,-1.0943809194780645,-0.039964117110413255,-2.222335599187508,1.570815025817222,0.10023504397619874,0.00017924526051629405,0.3992841538216524,nan,nan,nan
2.757641516,-2.490053611852817,1.0534606923366923,-1.0933089537441667,-0.039821171541172394,-2.2223355991944755,1.5708150589817298,-2.4900536117841816,1.0539001330619606,-1.0938159840250687,-0.03988878352687314,-2.222335599191178,1.5708150432952122,0.10023504397619874,0.00017924526051629405,0.3992841538216524,nan,nan,nan
2.7676044170000003,-2.490053611916242,1.0530546110452932,-1.0928404138486283,-0.0397586922098194,-2.22233559919752,1.570815073477431,-2.4900536118535097,1.0534562578077888,-1.0933038371480102,-0.039820489247692534,-2.2223355991945066,1.5708150591400272,0.10023504397619874,0.00017924526051629405,0.3992841538216524,nan,nan,nan
2.77751105,-2.4900536119745533,1.0526812739323606,-1.0924096544524209,-0.039701250870660565,-2.2223355992003193,1.5708150868042783,-2.490053611917328,1.0530476636301864,-1.0928323978639378,-0.039757623285748896,-2.2223355991975704,1.5708150737254298,0.10013675493033836,0.0001042864841432102,0.39958511221415055,nan,nan,nan
2.78763801,-2.4900536120294485,1.0523298044889755,-1.0920041261511257,-0.03964717407303694,-2.2223355992029545,1.5708150993505252,-2.4900536119762857,1.0526701831708971,-1.0923968578410177,-0.03969954445474936,-2.2223355992004006,1.57081508720018,0.10013675493033836,0.0001042864841432102,0.39958511221415055,nan,nan,nan
2.797696942,-2.490053612079387,1.0520100784506703,-1.0916352236486928,-0.039597981289442724,-2.2223355992053517,1.5708151107636417,-2.490053612030199,1.0523250061837008,-1.0919985898268318,-0.03964643580922643,-2.2223355992029883,1.5708150995218078,0.10013675493033836,0.0001042864841432102,0.39958511221415055,nan,nan,nan
2.807562318,-2.490053612124068,1.051724004952621,-1.0913051497208084,-0.03955396625783569,-2.2223355992074967,1.5708151209754788,-2.490053612079674,1.0520082384778893,-1.0916331006724804,-0.039597698192221115,-2.2223355992053637,1.5708151108293222,0.10013675493033836,0.0001042864841432102,0.39958511221415055,nan,nan,nan
2.817511693,-2.490053612165019,1.051461814973039,-1.0910026327907094,-0.03951362592461003,-2.2223355992094627,1.5708151303347566,-2.490053612124799,1.051719327005916,-1.0912997522672085,-0.03955324651229556,-2.2223355992075304,1.5708151211424652,0.10013675493033836,0.0001042864841432102,0.39958511221415055,nan,nan,nan
2.827675773,-2.4900536122027788,1.0512200591961747,-1.0907236930098407,-0.03947642958089972,-2.2223355992112754,1.5708151389646041,-2.4900536121657377,1.0514572188436033,-1.09099732973854,-0.03951291876740729,-2.2223355992094955,1.5708151304988225,0.10007038524545948,5.367056552587485e-05,0.39978702155704776,nan,nan,nan
2.8375772870000002,-2.490053612235732,1.0510090786877275,-1.0904802619838803,-0.03944396829451318,-2.2223355992128573,1.5708151464958804,-2.4900536122026997,1.051220571086102,-1.0907242836319406,-0.03947650833932806,-2.22233559921127,1.5708151389463312,0.10007038524545948,5.367056552587485e-05,0.39978702155704776,nan,nan,nan
2.8475222230000004,-2.4900536122652337,1.050820192127269,-1.0902623231347377,-0.03941490636467555,-2.2223355992142735,1.570815153238479,-2.4900536122327606,1.0510281027413337,-1.0905022120909333,-0.039446895319123904,-2.2223355992127147,1.5708151458167872,0.10007038524545948,5.367056552587485e-05,0.39978702155704776,nan,nan,nan
2.857547872,-2.4900536122915167,1.0506519170893864,-1.0900681660279188,-0.039389015706639816,-2.222335599215535,1.5708151592453174,-2.4900536122627894,1.0508358428547706,-1.0902803810707065,-0.03941731437212366,-2.222335599214156,1.5708151526798018,0.10007038524545948,5.367056552587485e-05,0.39978702155704776,nan,nan,nan
2.867619608,-2.4900536123146138,1.0505040372389356,-1.0898975410541762,-0.039366263035259884,-2.222335599216644,1.570815164524118,-2.490053612290075,1.0506611470395364,-1.0900788156187806,-0.03939043581859834,-2.222335599215465,1.57081515891584,0.10007038524545948,5.367056552587485e-05,0.39978702155704776,nan,nan,nan
2.8775555770000003,-2.4900536123343335,1.0503777789141304,-1.0897518631725103,-0.039346837033918114,-2.222335599217591,1.5708151690311047,-2.4900536123138637,1.0505088403083946,-1.0899030828741068,-0.039367002031019116,-2.2223355992166067,1.5708151643526649,0.10002920396912363,2.2264237021923927e-05,0.39991177782479015,nan,nan,nan
2.887529147,-2.49005361235128,1.0502692794986608,-1.0896266756648194,-0.039330143403666445,-2.2223355992184044,1.5708151729041595,-2.4900536123321095,1.0503920217165201,-1.0897682966330395,-0.03934902841917354,-2.2223355992174834,1.5708151685226857,0.10002920396912363,2.2264237021923927e-05,0.39991177782479015,nan,nan,nan
2.897554886,-2.490053612365646,1.0501773048421617,-1.0895205545583782,-0.039315992259151264,-2.2223355992190936,1.5708151761873375,-2.490053612350013,1.050277391989106,-1.0896360359215884,-0.039331391584199814,-2.2223355992183422,1.5708151726145716,0.10002920396912363,2.2264237021923927e-05,0.39991177782479015,nan,nan,nan
2.907617564,-2.4900536123775847,1.05010086428231,-1.089432356818944,-0.0393042311778876,-2.222335599219667,1.5708151789160019,-2.490053612364925,1.0501819198120992,-1.0895258793475504,-0.03931670231407424,-2.2223355992190585,1.570815176022599,0.10002920396912363,2.2264237021923927e-05,0.39991177782479015,nan,nan,nan
2.9175614690000002,-2.49005361238715,1.0500396249143613,-1.0893616983383165,-0.03929480893942712,-2.222335599220126,1.570815181102036,-2.4900536123769794,1.0501047410801707,-1.0894368298991723,-0.03930482765826613,-2.2223355992196367,1.5708151787776135,0.10002920396912363,2.2264237021923927e-05,0.39991177782479015,nan,nan,nan
2.927489473,-2.490053612394709,1.0499912263004159,-1.0893058556240562,-0.03928736236874837,-2.222335599220489,1.5708151828296997,-2.49005361238578,1.0500483976523516,-1.0893718203940692,-0.039296158705102,-2.22233559922006,1.5708151807888795,0.1000079571420235,6.060639418523778e-06,0.39997598787550853,nan,nan,nan
2.9374968270000004,-2.4900536124005446,1.049953862354154,-1.0892627447990828,-0.03928161358290524,-2.222335599220769,1.5708151841634637,-2.490053612393597,1.0499983482651243,-1.0893140730041744,-0.03928845814781261,-2.2223355992204348,1.57081518257547,0.1000079571420235,6.060639418523778e-06,0.39997598787550853,nan,nan,nan
2.947545679,-2.490053612404833,1.0499264079205217,-1.0892310676503478,-0.039277389466472516,-2.2223355992209752,1.5708151851434922,-2.4900536124001103,1.0499566435282184,-1.089265953739665,-0.03928204149151396,-2.2223355992207474,1.570815184064185,0.1000079571420235,6.060639418523778e-06,0.39997598787550853,nan,nan,nan
2.957494753,-2.4900536124077575,1.0499076849213589,-1.089209464901692,-0.039274508761319646,-2.2223355992211156,1.5708151858118387,-2.49005361240439,1.0499292462794465,-1.0892343425712863,-0.03927782617349667,-2.222335599220953,1.5708151850421725,0.1000079571420235,6.060639418523778e-06,0.39997598787550853,nan,nan,nan
2.967530641,-2.4900536124096235,1.0498957367228605,-1.089195678973123,-0.039272670421389,-2.222335599221205,1.5708151862383481,-2.4900536124071184,1.0499117768926867,-1.0892141862508122,-0.03927513834811067,-2.2223355992210845,1.5708151856657693,0.1000079571420235,6.060639418523778e-06,0.39997598787550853,nan,nan,nan
2.9775373440000004,-2.4900536124106445,1.0498891989041985,-1.0891881355847974,-0.03927166451802152,-2.222335599221254,1.5708151864717257,-2.490053612409121,1.0498989548910482,-1.089199392121076,-0.039273165565552354,-2.222335599221181,1.5708151861234707,0.10000085549679819,6.44668321721914e-07,0.3999974261933704,nan,nan,nan
2.9875437060000003,-2.490053612411081,1.0498864064026807,-1.0891849135738425,-0.03927123486604954,-2.222335599221275,1.5708151865714084,-2.490053612410292,1.049891458009501,-1.0891907421581954,-0.039272012101563315,-2.222335599221237,1.5708151863910835,0.10000085549679819,6.44668321721914e-07,0.3999974261933704,nan,nan,nan
2.9975276060000002,-2.49005361241119,1.0498857099391323,-1.089184109988538,-0.03927112770874449,-2.2223355992212803,1.5708151865962698,-2.49005361241086,1.0498878243357368,-1.0891865495958635,-0.03927145302752597,-2.2223355992212643,1.570815186520793,0.10000085549679819,6.44668321721914e-07,0.3999974261933704,nan,nan,nan
3.0,-2.4900536124112005,1.0498856400081604,-1.089184029301614,-0.03927111694922303,-2.2223355992212808,1.570815186598766,-2.4900536124110815,1.0498864067669438,-1.0891849139934644,-0.039271234921565076,-2.222335599221275,1.5708151865713953,0.10000085549679819,6.44668321721914e-07,0.3999974261933704,nan,nan,nan
